Sun positions:
-1.0, -0.0
-0.9998514324636051, -0.0172369661041893
-0.9994057739990461, -0.034468810501200556
-0.9986631570270832, -0.051690413005694553
-0.9976238022052647, -0.06889665647555758
-0.9962880183623609, -0.08608242833238376
-0.9946562024066015, -0.10324262208060146
-0.992728839207739, -0.12037213882479224
-0.990506501452978, -0.13746588878475144
-0.987989849476809, -0.15451879280784048
-0.9851796310648, -0.17152578387818113
-0.9820766812314036, -0.18848180862224384
-0.9786819219718442, -0.20538182881038197
-0.9749963619881616, -0.22222082285386688
-0.9710210963894899, -0.23899378729697762
-0.966757306366662, -0.2556957383037036
-0.9622062588412367, -0.27232171313861664
-0.9573693060890518, -0.28886677164147395
-0.9522478853384153, -0.3053259976951131
-0.9468435183430549, -0.3216945006862024
-0.941157810929951, -0.33796741695841426
-0.9351924525221897, -0.35413991125758754
-0.9289492156369756, -0.37020717816845156
-0.9224299553589553, -0.38616444354248314
-0.9156366087890059, -0.40200696591647384
-0.9085711944686549, -0.41773003792138497
-0.9012358117803007, -0.43332898768107186
-0.8936326403234123, -0.4487991802004621
-0.885763939266894, -0.4641360187427755
-0.8776320466778071, -0.47933494619537537
-0.8692393788266478, -0.49439144642384686
-0.8605884294693891, -0.5093010456138984
-0.8516817691064981, -0.5240593136006895
-0.8425220442191496, -0.5386618651851877
-0.8331119764828651, -0.553104361437165
-0.8234543619588062, -0.5673825109844464
-0.8135520702629676, -0.5814920712880266
-0.8034080437135132, -0.595428849902678
-0.7930252964565099, -0.6091887057226724
-0.7824069135703198, -0.622767550212249
-0.7715560501489147, -0.6361613486204623
-0.7604759303643873, -0.6493661211800471
-0.749169846508936, -0.6623779442899478
-0.7376411580166105, -0.6751929516811576
-0.7258932904651046, -0.6878073355655223
-0.7139297345578991, -0.7002173477671685
-0.7017540450870488, -0.7124193008362172
-0.6893698398769309, -0.7244095691444548
-0.6767807987092621, -0.7361845899626351
-0.663990662229706, -0.7477408645190902
-0.6510032308363967, -0.7590749590393384
-0.637822363550706, -0.7701835057663797
-0.624451976870595, -0.7810632039613734
-0.6108960436068827, -0.7917108208844045
-0.5971585917027863, -0.8021231927550437
-0.5832437030370772, -0.8122972256924172
-0.5691555122112119, -0.8222298966345076
-0.554898205320797, -0.8319182542364115
-0.5404760187117532, -0.8413594197472877
-0.5258932377215484, -0.8505505878657348
-0.511154195405873, -0.8594890275733452
-0.49626327125113945, -0.8681720829461853
-0.48122488987317946, -0.8765971739439652
-0.46604351970253893, -0.8847617971766577
-0.45072367165674837, -0.8926635266483446
-0.4352698977999717, -0.900300014478064
-0.4196867899904293, -0.9076689915974486
-0.40397897851599396, -0.9147682684249461
-0.3881511307183719, -0.921595735516419
-0.3722079496062699, -0.9281493641919367
-0.35615417245796915, -0.9344272071385653
-0.3399945694137107, -0.9404273989889839
-0.3237339420583211, -0.9461481568757504
-0.30737712199449374, -0.9515877809610536
-0.29092896940714835, -0.9567446549417951
-0.2743943716193017, -0.961617246529849
-0.2577782416398706, -0.9662041079073596
-0.24108551670384648, -0.970503876156937
-0.22432115680526776, -0.9745152736666298
-0.20749014322343337, -0.9782371085095469
-0.19059747704278934, -0.9816682747980212
-0.17364817766693041, -0.984807753012208
-0.15664728132716085, -0.9876546103030195
-0.13959983958605157, -0.9902080007693074
-0.12251091783644565, -0.9924671657092096
-0.10538559379635064, -0.9944314338455873
-0.08822895600017217, -0.9961002215254847
-0.07104610228673018, -0.9974730328935532
-0.053842138284513806, -0.9985494600393869
-0.036622175894619316, -0.9993291831187276
-0.019391331771824435, -0.9998119704485015
-0.0021547258042522647, -0.9999976785756597
0.015082520407928816, -0.9998862523198049
0.03231528507431063, -0.9994777247895853
0.04953844773610923, -0.9987722173728586
0.06674689078763452, -0.9977699397006223
0.08393550099690647, -0.9964711895847257
0.10109917102498071, -0.9948763529293787
0.11823280094351281, -0.9929859036164872
0.13533129975013083, -0.9908004033648453
0.15238958688114665, -0.9883205015632295
0.16940259372117233, -0.9855469350774418
0.1863652651091821, -0.9824805280313622
0.20327256084057752, -0.9791221915620715
0.22011945716481202, -0.9754729235491206
0.23690094827811875, -0.9715338083180266
0.25361204781091534, -0.9673060163180802
0.27024779030942503, -0.962790803774565
0.28680323271109, -0.9579895123154889
0.3032734558133268, -0.9529035685729391
0.31965356573519554, -0.9475344837591796
0.335938695371542, -0.9418838532176175
0.35212400583918607, -0.9359533559487699
0.3682046879147243, -0.9297447541113746
0.38417596346351723, -0.9232598924987906
0.40003308685944255, -0.9165006979908448
0.4157713463949853, -0.9094691789812896
0.43138606568125326, -0.9021674247810377
0.4468726050374941, -0.8945976049973551
0.4622263628697101, -0.8867619688891936
0.477442777037949, -0.878662844698859
0.49251732621187944, -0.8703026389602074
0.507445531214236, -0.8616838357835789
0.522222956351738, -0.8528089961176832
0.5368452107330927, -0.84368075698865
0.5513079495736785, -0.8343018307164778
0.5656068754865384, -0.8246750041091069
0.5797377397592799, -0.8148031376343622
0.5936963436165195, -0.8046891645700069
0.6074785394674836, -0.7943360901321637
0.6210802321384044, -0.78374699058236
0.6344973800893405, -0.7729250123134604
0.6477259966150586, -0.7618733709147664
0.6607621510296252, -0.7505953502165482
0.6736019698343482, -0.7390943013143085
0.6862416378687335, -0.7273736415730488
0.6986773994440988, -0.7154368536118553
0.710905559459524, -0.7032874842690868
0.7229224844997929, -0.6909291435484877
0.7347246039150078, -0.6783655035465282
0.7463084108815583, -0.665600297361294
0.7576704634441176, -0.6526373179832549
0.7688073855383709, -0.6394804171682309
0.7797158679941609, -0.626133504292904
0.7903926695187592, -0.612600545193203
0.8008346176599671, -0.5988855609859152
0.8110386097487643, -0.5849926268738707
0.8210016138212184, -0.5709258709350584
0.830720669519389, -0.5566894728960284
0.8401928889709541, -0.542287662889948
0.8494154576472971, -0.5277247201996822
0.8583856351998035, -0.5130049719862664
0.867100756274113, -0.49813279200315796
0.8755582313020908, -0.48311259929663863
0.8837555472712787, -0.467948856892762
0.8916902684715999, -0.45264607047123023
0.899360037219093, -0.437208787026601
0.9067625745564626, -0.4216415935172142
0.9138956809302382, -0.40594911550224644
0.9207572368443382, -0.3901360157672954
0.9273452034898467, -0.374206992938901
0.9336576233508151, -0.3581667800884212
0.9396926207859083, -0.3420201433256689
0.945448402585724, -0.32577188038273436
0.9509232585056187, -0.30942681918840903
0.9561155617738796, -0.29298981643364097
0.9610237695750974, -0.27646575612844027
0.9656464235085896, -0.2598595481506684
0.9699821500217434, -0.24317612678714212
0.9740296608181456, -0.22642044926748175
0.9777877532403811, -0.20959749429114718
0.9812553106273847, -0.19271226054808982
0.9844313026462393, -0.17576976523346746
0.9873147855983258, -0.15877504255685776
0.989904902699727, -0.14173314224642072
0.9922008843358094, -0.12464912804844556
0.9942020482899026, -0.10752807622273453
0.9959077999460093, -0.09037507403426855
0.9973176324654871, -0.07319521824160057
0.9984311269376477, -0.05599361358243249
0.99924795250423, -0.038775371256816835
0.99976786645771, -0.021545607408440783
0.999990714313417, -0.0043094416044386725
0.9999164298554374, 0.012928004685807811
0.9995450351562888, 0.030161609612441836
0.9988766405703624, 0.04738625246700777
0.997911444701132, 0.06459681520399768
0.9966497343421427, 0.08178818396159906
0.9950918843917935, 0.09895525058120656
0.993238357741943, 0.11609291412523012
0.9910897051403672, 0.13319608239276426
0.9886465650271133, 0.1502596734326604
0.9859096633447966, 0.16727861705355465
0.9828798133228978, 0.1842478563303945
0.9795579152361233, 0.20116234910703268
0.9759449561369036, 0.21801706949442592
0.9720420095621034, 0.23480700936400464
0.9678502352140369, 0.25152717983576534
0.9633708786158804, 0.26817261276063686
0.9586052707415827, 0.2847383621966959
0.9535548276203869, 0.3012195058787764
0.9482210499160767, 0.3176111466810526
0.9426055224810789, 0.33390841407214095
0.9367099138855463, 0.35010646556230923
0.9305359759215686, 0.36620048814234807
0.9240855430826521, 0.3821856997136862
0.9173605320186274, 0.3980573505093215
0.9103629409661469, 0.41381072450513867
0.903094849154937, 0.4294411408212092
0.8955584161899879, 0.4449439551126417
0.8877558814098562, 0.4603145609495851
0.8796895632212822, 0.4755483911859546
0.871361858410308, 0.490640919316494
0.8627752414301085, 0.505587660821759
0.8539322636657461, 0.5203841745006228
0.8448355526760614, 0.5350260637899186
0.8354878114129367, 0.5495089780708056
0.8258918174181529, 0.563828613961495
0.8160504219980842, 0.5779807165959334
0.8059665493764747, 0.5919610808880754
0.7956431958255501, 0.605765552781359
0.785083428775719, 0.6193900304830233
0.7742903859041326, 0.6328304656828947
0.7632672742023704, 0.6460828647562815
0.7520173690235297, 0.659143289950621
0.7405440131090049, 0.6720078605555221
0.7288506155952409, 0.6846727540558616
0.7169406510007594, 0.6971342072675872
0.7048176581937565, 0.7093885174558924
0.6924852393405826, 0.7214320434354271
0.6799470588354114, 0.7332612066522226
0.6672068422114199, 0.7448724922470056
0.6542683750338023, 0.7562624500995854
0.6411355017749446, 0.7674276958540068
0.6278121246720989, 0.7783649119241597
0.6143022025678905, 0.789070848479551
0.6006097497340077, 0.7995423244109424
0.5867388346784187, 0.809776228275572
0.5726935789364782, 0.81976951922167
0.5584781558462748, 0.8295192278920025
0.5440967893085825, 0.8390224573061748
0.529553752531795, 0.8482763837214227
0.5148533667622023, 0.857278257471648
0.5000000000000004, 0.8660254037844385
0.48499806570140364, 0.8745152235758374
0.4698520214672525, 0.882745194222623
0.4545663677185015, 0.8907128703118689
0.43914564635898984, 0.89841588436756
0.42359443942588276, 0.9058519475540537
0.4079173677281835, 0.9130188503561741
0.39211908947373286, 0.9199144632357351
0.3762042988850884, 0.9265367372643025
0.36017772480471083, 0.9328837047320003
0.3440441292898561, 0.9389534797321882
0.3278083061976028, 0.9447442587218292
0.31147507976042554, 0.9502543210573875
0.2950493031527514, 0.9554820295060895
0.27853585704890754, 0.9604258307324052
0.2619396481729057, 0.9650842557595966
0.24526560784047838, 0.9694559204062043
0.22851869049381163, 0.9735395256973358
0.21170387222941117, 0.9773338582506355
0.1948261493195259, 0.9808377906368237
0.17789053672758212, 0.9840502817146961
0.16090206661805828, 0.9869703769404824
0.14386578686125787, 0.989597208651475
0.12678675953340557, 0.9919299963238426
0.10967005941253138, 0.9939680468045499
0.0925207724705717, 0.995710754517319
0.0753439943621485, 0.9971576016425671
0.05814482891047624, 0.9983081582712682
0.0409283865908333, 0.9991620825326947
0.023699783012062423, 0.9997191206959989
0.006464137396540257, 0.9999791072456057
-0.010773428940917752, 0.9999419649303929
-0.028007794114783206, 0.9996077047866447
-0.04523383719070657, 0.9989764261347736
-0.06244643970712193, 0.9980483165498075
-0.07964048719613033, 0.9968236518056557
-0.0968108707031787, 0.9953027957931658
-0.11395248830511383, 0.9934862004120001
-0.13106024662614096, 0.9913744054363594
-0.14812906235124784, 0.9889680383545972
-0.1651538637366307, 0.9862678141827718
-0.18212959211669066, 0.9832745352521888
-0.19905120340714072, 0.9799890909710011
-0.21591366960377573, 0.9764124575599349
-0.2327119802764776, 0.9725456977622184
-0.24944114405798093, 0.968389960527806
-0.2660961901269878, 0.9639464806719832
-0.28267216968517134, 0.9592165785084605
-0.2991641574276407, 0.9542016594570615
-0.31556725300641664, 0.9489032136261233
-0.3318765824865004, 0.943322815369734
-0.34808729979408987, 0.9374621228199352
-0.3641945881565178, 0.9313228773940349
-0.3801936615334841, 0.9249069032771691
-0.3960797660391565, 0.9182161068802742
-0.41184818135471624, 0.9112524762736246
-0.4274942221309299, 0.904018080596108
-0.4430132393803344, 0.8965150694404097
-0.45840062185860864, 0.888745672214296
-0.47365179743474006, 0.8807121974781773
-0.4887622344495636, 0.872417032259154
-0.5037274430622771, 0.8638626413417473
-0.5185429765845301, 0.855051566535525
-0.5332044328016909, 0.8459864259198413
-0.5477074552808994, 0.8366699130659125
-0.5620477346655147, 0.8271047962364644
-0.5762210099555795, 0.8172939175631811
-0.5902230697739081, 0.8072401922022121
-0.6040497536174372, 0.7969466074679742
-0.6176969530934565, 0.7864162219455166
-0.6311606131403563, 0.7756521645817083
-0.6444367332325286, 0.7646576337555172
-0.6575213685690634, 0.753435896327661
-0.6704106312458875, 0.7419902866699069
-0.6831006914109967, 0.7303242056743144
-0.6955877784024412, 0.7184411197427081
-0.7078681818687186, 0.7063445597566919
-0.7199382528712507, 0.6940381200284975
-0.7317944049686117, 0.6815254572329896
-0.7434331152821851, 0.6688102893211387
-0.7548509255429349, 0.6558963944152877
-0.7660444431189778, 0.6427876096865396
-0.7770103420236544, 0.6294878302145988
-0.7877453639037948, 0.6160010078304076
-0.7982463190078923, 0.6023311499419154
-0.8085100871338873, 0.5884823183433415
-0.8185336185562904, 0.5744586280082713
-0.8283139349323627, 0.560264245866953
-0.8378481301870861, 0.5459033895681575
-0.8471333713766596, 0.5313803262259664
-0.8561668995302663, 0.5166993711518632
-0.8649460304698608, 0.5018648865725022
-0.873468155607732, 0.4868812803335396
-0.8817307427216076, 0.4717530045899043
-0.8897313367070634, 0.4564845544829114
-0.8974675603070235, 0.4410804668045948
-0.9049371148181251, 0.425545318649668
-0.9121377807737451, 0.4098837260555088
-0.9190674186034804, 0.3941003426305728
-0.9257239692688903, 0.37819985817164276
-0.9321054548753082, 0.3621869972703257
-0.9382099792595434, 0.3460665179092121
-0.9440357285532996, 0.32984321004810857
-0.949580971722136, 0.31352189420077814
-0.9548440610798198, 0.29710742000259316
-0.9598234327779117, 0.2806046647695393
-0.9645176072704398, 0.264018532048994
-0.9689251897535245, 0.24735395016271045
-0.9730448705798238, 0.23061587074244044
-0.9768754256476756, 0.21380926725863086
-0.9804157167648208, 0.19693913354263215
-0.983664691986601, 0.1800104823028522
-0.9866213859285269, 0.16302834363531024
-0.989284920053129, 0.14599776352901542
-0.9916545029310011, 0.12892380236662723
-0.9937294304759625, 0.1118115334208385
-0.9955090861542659, 0.09466604134692802
-0.996992941167792, 0.0774924206719312
-0.9981805546111733, 0.06029577428087736
-0.9990715736028026, 0.043081211900544536
-0.9996657333896874, 0.025853848581176887
-0.9999628574261159, 0.008618803176629171
-0.9999628574261159, -0.008618803176627794
-0.9996657333896874, -0.02585384858117462
-0.9990715736028027, -0.04308121190054316
-0.9981805546111733, -0.06029577428087687
-0.9969929411677921, -0.07749242067192982
-0.995509086154266, -0.09466604134692753
-0.9937294304759626, -0.11181153342083713
-0.9916545029310011, -0.12892380236662676
-0.9892849200531292, -0.14599776352901406
-0.9866213859285272, -0.16302834363530802
-0.9836646919866012, -0.18001048230285083
-0.9804157167648212, -0.19693913354262993
-0.9768754256476757, -0.2138092672586304
-0.9730448705798239, -0.23061587074243997
-0.9689251897535248, -0.2473539501627091
-0.9645176072704399, -0.26401853204899356
-0.9598234327779122, -0.280604664769538
-0.9548440610798204, -0.297107420002591
-0.9495809717221364, -0.31352189420077686
-0.9440357285533004, -0.3298432100481064
-0.938209979259544, -0.34606651790921084
-0.9321054548753086, -0.36218699727032444
-0.9257239692688908, -0.3781998581716415
-0.9190674186034806, -0.39410034263057236
-0.9121377807737456, -0.40988372605550755
-0.9049371148181253, -0.42554531864966755
-0.897467560307024, -0.44108046680459356
-0.8897313367070645, -0.4564845544829094
-0.8817307427216082, -0.4717530045899031
-0.8734681556077332, -0.4868812803335376
-0.8649460304698611, -0.5018648865725017
-0.856166899530267, -0.5166993711518619
-0.8471333713766603, -0.5313803262259653
-0.8378481301870864, -0.5459033895681571
-0.8283139349323635, -0.5602642458669519
-0.8185336185562916, -0.5744586280082694
-0.8085100871338881, -0.5884823183433404
-0.7982463190078938, -0.6023311499419135
-0.7877453639037957, -0.6160010078304065
-0.7770103420236553, -0.6294878302145978
-0.7660444431189787, -0.6427876096865385
-0.7548509255429351, -0.6558963944152874
-0.743433115282186, -0.6688102893211376
-0.731794404968612, -0.6815254572329893
-0.7199382528712517, -0.6940381200284965
-0.7078681818687201, -0.7063445597566902
-0.6955877784024422, -0.7184411197427072
-0.6831006914109983, -0.7303242056743129
-0.6704106312458878, -0.7419902866699065
-0.6575213685690644, -0.7534358963276601
-0.6444367332325297, -0.7646576337555163
-0.6311606131403568, -0.7756521645817079
-0.6176969530934576, -0.7864162219455159
-0.6040497536174391, -0.7969466074679729
-0.5902230697739093, -0.8072401922022113
-0.5762210099555813, -0.8172939175631798
-0.5620477346655158, -0.8271047962364636
-0.5477074552809006, -0.8366699130659118
-0.533204432801692, -0.8459864259198405
-0.5185429765845313, -0.8550515665355244
-0.5037274430622783, -0.8638626413417466
-0.48876223444956407, -0.8724170322591538
-0.4736517974347413, -0.8807121974781766
-0.45840062185861064, -0.888745672214295
-0.4430132393803356, -0.896515069440409
-0.42749422213093197, -0.904018080596107
-0.4118481813547167, -0.9112524762736244
-0.39607976603915773, -0.9182161068802737
-0.3801936615334854, -0.9249069032771685
-0.36419458815651906, -0.9313228773940343
-0.3480872997940912, -0.9374621228199348
-0.3318765824865026, -0.9433228153697332
-0.31556725300641797, -0.9489032136261228
-0.29916415742764285, -0.9542016594570607
-0.28267216968517267, -0.9592165785084602
-0.26609619012698915, -0.9639464806719827
-0.24944114405798226, -0.9683899605278057
-0.23271198027647894, -0.9725456977622181
-0.2159136696037771, -0.9764124575599346
-0.1990512034071412, -0.9799890909710011
-0.18212959211669202, -0.9832745352521886
-0.16515386373663296, -0.9862678141827714
-0.1481290623512492, -0.988968038354597
-0.1310602466261432, -0.9913744054363591
-0.11395248830511431, -0.9934862004120001
-0.09681087070318008, -0.9953027957931657
-0.0796404871961317, -0.9968236518056556
-0.062446439707123304, -0.9980483165498074
-0.04523383719070705, -0.9989764261347736
-0.02800779411478547, -0.9996077047866447
-0.010773428940919129, -0.9999419649303928
0.006464137396537991, -0.9999791072456058
0.023699783012061045, -0.9997191206959989
0.04092838659083193, -0.9991620825326947
0.05814482891047398, -0.9983081582712683
0.07534399436214713, -0.9971576016425672
0.09252077247057032, -0.9957107545173192
0.1096700594125309, -0.9939680468045499
0.12678675953340507, -0.9919299963238427
0.14386578686125562, -0.9895972086514754
0.16090206661805692, -0.9869703769404826
0.1778905367275799, -0.9840502817146966
0.19482614931952544, -0.9808377906368239
0.2117038722294098, -0.9773338582506357
0.22851869049380943, -0.9735395256973363
0.24526560784047705, -0.9694559204062047
0.2619396481729044, -0.9650842557595969
0.2785358570489054, -0.9604258307324057
0.29504930315274924, -0.9554820295060902
0.31147507976042255, -0.9502543210573885
0.3278083061976007, -0.94474425872183
0.34404412928985567, -0.9389534797321883
0.36017772480470955, -0.9328837047320009
0.37620429888508794, -0.9265367372643026
0.39211908947373164, -0.9199144632357357
0.4079173677281839, -0.913018850356174
0.4235944394258823, -0.905851947554054
0.4391456463589886, -0.8984158843675607
0.4545663677185003, -0.8907128703118694
0.4698520214672505, -0.8827451942226241
0.4849980657014032, -0.8745152235758377
0.4999999999999992, -0.8660254037844392
0.5148533667622003, -0.8572782574716492
0.5295537525317939, -0.8482763837214233
0.5440967893085814, -0.8390224573061755
0.5584781558462729, -0.8295192278920037
0.5726935789364771, -0.8197695192216707
0.5867388346784161, -0.8097762282755738
0.6006097497340058, -0.7995423244109437
0.61430220256789, -0.7890708484795513
0.6278121246720979, -0.7783649119241606
0.6411355017749443, -0.767427695854007
0.6542683750338013, -0.7562624500995863
0.6672068422114198, -0.7448724922470056
0.6799470588354107, -0.7332612066522233
0.6924852393405814, -0.7214320434354283
0.7048176581937559, -0.709388517455893
0.7169406510007582, -0.6971342072675886
0.7288506155952406, -0.6846727540558619
0.740544013109004, -0.6720078605555231
0.7520173690235282, -0.6591432899506227
0.7632672742023695, -0.6460828647562825
0.7742903859041315, -0.6328304656828961
0.7850834287757174, -0.6193900304830254
0.7956431958255489, -0.6057655527813605
0.805966549376473, -0.5919610808880776
0.8160504219980832, -0.5779807165959349
0.8258918174181515, -0.5638286139614967
0.8354878114129359, -0.5495089780708068
0.844835552676061, -0.535026063789919
0.8539322636657454, -0.520384174500624
0.8627752414301088, -0.5055876608217585
0.8713618584103076, -0.4906409193164948
0.8796895632212813, -0.4755483911859562
0.8877558814098557, -0.46031456094958595
0.8955584161899871, -0.4449439551126433
0.9030948491549362, -0.4294411408212109
0.9103629409661463, -0.41381072450513995
0.9173605320186266, -0.39805735050932356
0.9240855430826516, -0.3821856997136875
0.930535975921568, -0.36620048814234935
0.9367099138855455, -0.3501064655623114
0.9426055224810782, -0.33390841407214267
0.9482210499160758, -0.3176111466810552
0.9535548276203863, -0.3012195058787781
0.9586052707415822, -0.2847383621966977
0.9633708786158801, -0.2681726127606382
0.9678502352140368, -0.2515271798357658
0.9720420095621031, -0.234807009364006
0.9759449561369037, -0.21801706949442554
0.9795579152361233, -0.20116234910703315
0.9828798133228974, -0.18424785633039628
0.9859096633447965, -0.16727861705355557
0.9886465650271131, -0.1502596734326622
0.991089705140367, -0.13319608239276606
0.9932383577419429, -0.11609291412523105
0.9950918843917933, -0.09895525058120883
0.9966497343421425, -0.08178818396160044
0.997911444701132, -0.06459681520399906
0.9988766405703623, -0.04738625246701003
0.9995450351562888, -0.030161609612443213
0.9999164298554373, -0.012928004685810521
0.999990714313417, 0.004309441604437294
0.99976786645771, 0.021545607408438517
0.9992479525042302, 0.038775371256815905
0.9984311269376478, 0.05599361358243067
0.9973176324654872, 0.07319521824159964
0.9959077999460093, 0.0903750740342685
0.9942020482899027, 0.10752807622273404
0.9922008843358096, 0.12464912804844419
0.989904902699727, 0.14173314224642025
0.987314785598326, 0.1587750425568564
0.9844313026462398, 0.17576976523346524
0.9812553106273848, 0.1927122605480889
0.9777877532403816, 0.20959749429114538
0.9740296608181458, 0.22642044926748084
0.9699821500217438, 0.24317612678714035
0.9656464235085902, 0.25985954815066625
0.9610237695750977, 0.27646575612843893
0.9561155617738802, 0.2929898164336388
0.9509232585056191, 0.3094268191884077
0.9454484025857248, 0.3257718803827322
0.9396926207859086, 0.342020143325668
0.9336576233508158, 0.35816678008841946
0.9273452034898472, 0.3742069929389001
0.9207572368443382, 0.39013601576729534
0.9138956809302384, 0.405949115502246
0.9067625745564631, 0.421641593517213
0.8993600372190932, 0.43720878702660054
0.8916902684716006, 0.452646070471229
0.8837555472712798, 0.46794885689276
0.8755582313020912, 0.4831125992966378
0.8671007562741139, 0.49813279200315635
0.8583856351998039, 0.5130049719862656
0.8494154576472981, 0.5277247201996806
0.8401928889709553, 0.5422876628899461
0.8307206695193898, 0.5566894728960272
0.8210016138212196, 0.5709258709350566
0.8110386097487651, 0.5849926268738695
0.8008346176599684, 0.5988855609859134
0.7903926695187609, 0.6126005451932008
0.7797158679941621, 0.6261335042929026
0.7688073855383716, 0.6394804171682302
0.7576704634441188, 0.6526373179832534
0.7463084108815586, 0.6656002973612937
0.7347246039150088, 0.6783655035465272
0.7229224844997929, 0.6909291435484877
0.710905559459525, 0.7032874842690859
0.6986773994441005, 0.7154368536118537
0.6862416378687342, 0.7273736415730482
0.6736019698343495, 0.7390943013143073
0.6607621510296255, 0.750595350216548
0.6477259966150599, 0.7618733709147651
0.6344973800893423, 0.772925012313459
0.6210802321384054, 0.7837469905823591
0.6074785394674851, 0.7943360901321626
0.5936963436165206, 0.8046891645700062
0.5797377397592818, 0.8148031376343609
0.5656068754865407, 0.8246750041091053
0.5513079495736799, 0.8343018307164768
0.536845210733093, 0.8436807569886496
0.5222229563517395, 0.8528089961176823
0.5074455312142364, 0.8616838357835787
0.49251732621188066, 0.8703026389602068
0.4774427770379491, 0.878662844698859
0.4622263628697109, 0.8867619688891931
0.4468726050374961, 0.8945976049973541
0.4313860656812541, 0.9021674247810374
0.4157713463949869, 0.909469178981289
0.40003308685944317, 0.9165006979908445
0.38417596346351873, 0.9232598924987899
0.36820468791472644, 0.9297447541113738
0.3521240058391874, 0.9359533559487695
0.3359386953715439, 0.9418838532176167
0.31965356573519665, 0.9475344837591793
0.30327345581332876, 0.9529035685729385
0.2868032327110926, 0.9579895123154881
0.27024779030942675, 0.9627908037745646
0.25361204781091773, 0.9673060163180796
0.2369009482781203, 0.9715338083180263
0.2201194571648123, 0.9754729235491205
0.20327256084057885, 0.9791221915620711
0.18636526510918214, 0.9824805280313622
0.16940259372117347, 0.9855469350774416
0.15238958688114865, 0.9883205015632291
0.13533129975013175, 0.9908004033648452
0.11823280094351461, 0.992985903616487
0.10109917102498121, 0.9948763529293787
0.08393550099690807, 0.9964711895847256
0.06674689078763656, 0.9977699397006222
0.0495384477361106, 0.9987722173728586
0.03231528507431246, 0.9994777247895853
0.015082520407929751, 0.9998862523198048
-0.002154725804250443, 0.9999976785756598
-0.019391331771821948, 0.9998119704485015
-0.03662217589461771, 0.9993291831187278
-0.05384213828451154, 0.998549460039387
-0.07104610228672881, 0.9974730328935533
-0.08822895600017168, 0.9961002215254847
-0.10538559379634949, 0.9944314338455874
-0.12251091783644538, 0.9924671657092096
-0.13959983958605063, 0.9902080007693075
-0.15664728132715905, 0.9876546103030198
-0.17364817766692972, 0.9848077530122081
-0.19059747704278776, 0.9816682747980215
-0.2074901432234329, 0.978237108509547
-0.2243211568052664, 0.9745152736666302
-0.2410855167038443, 0.9705038761569376
-0.2577782416398695, 0.9662041079073598
-0.27439437161929975, 0.9616172465298497
-0.29092896940714746, 0.9567446549417954
-0.30737712199449196, 0.9515877809610541
-0.32373394205831874, 0.9461481568757512
-0.3399945694137092, 0.9404273989889844
-0.35615417245796704, 0.9344272071385661
-0.37220794960626885, 0.9281493641919372
-0.38815113071836976, 0.9215957355164199
-0.4039789785159929, 0.9147682684249465
-0.4196867899904291, 0.9076689915974487
-0.4352698977999709, 0.9003000144780644
-0.4507236716567467, 0.8926635266483454
-0.46604351970253827, 0.884761797176658
-0.48122488987317824, 0.8765971739439659
-0.496263271251139, 0.8681720829461855
-0.511154195405872, 0.8594890275733458
-0.5258932377215464, 0.850550587865736
-0.5404760187117522, 0.8413594197472883
-0.5548982053207954, 0.8319182542364126
-0.5691555122112111, 0.8222298966345081
-0.5832437030370757, 0.8122972256924182
-0.5971585917027843, 0.8021231927550452
-0.6108960436068815, 0.7917108208844055
-0.6244519768705932, 0.7810632039613747
-0.6378223635507051, 0.7701835057663804
-0.651003230836395, 0.7590749590393399
-0.6639906622297052, 0.7477408645190909
-0.6767807987092607, 0.7361845899626365
-0.6893698398769302, 0.7244095691444554
-0.7017540450870475, 0.7124193008362182
-0.7139297345578987, 0.7002173477671689
-0.7258932904651038, 0.6878073355655233
-0.7376411580166101, 0.6751929516811579
-0.7491698465089353, 0.6623779442899488
-0.760475930364386, 0.6493661211800487
-0.771556050148914, 0.636161348620463
-0.7824069135703187, 0.6227675502122505
-0.7930252964565093, 0.609188705722673
-0.8034080437135122, 0.5954288499026793
-0.8135520702629662, 0.5814920712880286
-0.8234543619588054, 0.5673825109844475
-0.8331119764828638, 0.5531043614371669
-0.8425220442191489, 0.5386618651851888
-0.851681769106497, 0.5240593136006912
-0.8605884294693886, 0.5093010456138992
-0.8692393788266469, 0.49439144642384836
-0.8776320466778067, 0.4793349461953761
-0.8857639392668933, 0.46413601874277693
-0.893632640323412, 0.44879918020046267
-0.9012358117803001, 0.4333289876810731
-0.9085711944686548, 0.41773003792138536
-0.9156366087890054, 0.40200696591647495
-0.9224299553589546, 0.3861644435424849
-0.9289492156369753, 0.37020717816845244
-0.9351924525221891, 0.3541399112575892
-0.9411578109299508, 0.337967416958415
-0.9468435183430544, 0.32169450068620387
-0.9522478853384146, 0.3053259976951153
-0.9573693060890514, 0.2888667716414753
-0.9622062588412361, 0.2723217131386187
-0.9667573063666617, 0.2556957383037047
-0.9710210963894894, 0.2389937872969795
-0.9749963619881614, 0.22222082285386777
-0.9786819219718439, 0.20538182881038367
-0.9820766812314035, 0.18848180862224453
-0.9851796310647998, 0.17152578387818262
-0.9879898494768089, 0.15451879280784098
-0.9905065014529778, 0.13746588878475274
-0.992728839207739, 0.12037213882479256
-0.9946562024066014, 0.10324262208060257
-0.9962880183623608, 0.08608242833238565
-0.9976238022052646, 0.06889665647555848
-0.9986631570270832, 0.05169041300569625
-0.9994057739990461, 0.03446881050120125
-0.9998514324636051, 0.01723696610419078
-1.0, 4.898587196589413e-16

Mercury positions:
-0.613, 0.0
-0.6138409566034974, 0.010420085912487963
-0.616358810310432, 0.02070386035071335
-0.6205385386742126, 0.030715733582384698
-0.6263551903651283, 0.04032155566096396
-0.6337740138297915, 0.04938932709198597
-0.6427506364918522, 0.057789898480370985
-0.6532312935771409, 0.06539765557354375
-0.6651531053925037, 0.07209118618986293
-0.6784444016396769, 0.07775392561451178
-0.6930250911049047, 0.08227477715512693
-0.7088070748328248, 0.08554870467648695
-0.7256947006706557, 0.08747729407689203
-0.7435852568570341, 0.08796928082771463
-0.7623695021300585, 0.0869410408711665
-0.7819322296422173, 0.08431704235873433
-0.8021528617968756, 0.08003025591301233
-0.8229060729627443, 0.07402252130779496
-0.8440624368800655, 0.06624486868418977
-0.8654890954458649, 0.05665779265304138
-0.8870504454561624, 0.045231477874916215
-0.908608839791091, 0.03194597495707707
-0.930025299454887, 0.016791325760978137
-0.9511602328270945, -0.00023236252743752406
-0.9718741584443209, -0.019114894950299388
-0.9920284276137178, -0.039836018074853596
-1.0114859431600953, -0.06236550089195669
-1.0301118706282402, -0.08666326690905468
-1.0477743383004734, -0.112679576768837
-1.0643451224465603, -0.14035526046631602
-1.0797003142984987, -0.16962199798339794
-1.0937209653360498, -0.20040264691235093
-1.106293707579677, -0.23261161539922803
-1.1173113457152606, -0.26615527850648113
-1.1266734180188873, -0.3009324358719019
-1.1342867232094607, -0.33683480832978396
-1.1400658105310078, -0.3737475709608823
-1.1439334305544853, -0.41154991985139033
-1.1458209443896632, -0.4501156696687058
-1.1456686892102341, -0.48931387900408585
-1.1434262982186092, -0.5290095002902355
-1.1390529734097394, -0.5690640509761126
-1.1325177097345844, -0.6093363025324608
-1.123799469512282, -0.6496829837703177
-1.1128873061943907, -0.6899594948814621
-1.0997804368434974, -0.7300206285548697
-1.084488262950634, -0.7697212944869594
-1.0670303394800595, -0.8089172435859825
-1.0474362922946159, -0.8474657881723852
-1.025745684378751, -0.8852265144973481
-1.0020078315380536, -0.9220619839409249
-0.9762815685124295, -0.9578384193089726
-0.9486349666935305, -0.9924263727241985
-0.9191450048844554, -1.025701371700666
-0.8878971947797978, -1.0575445401025745
-0.8549851630755778, -1.087843190816467
-0.8205101923403093, -1.116491387110579
-0.7845807229892632, -1.1433904698150643
-0.7473118189028222, -1.168449547631515
-0.70882459941567, -1.1915859480686533
-0.6692456405754514, -1.212725626702306
-0.6287063487266362, -1.2318035326707926
-0.5873423096167463, -1.2487639285405676
-0.5452926163472545, -1.2635606629101714
-0.5026991795995398, -1.2761573943621438
-0.45970602365689756, -1.2865277656212262
-0.4164585718161627, -1.2946555270317184
-0.37310292483669616, -1.3005346087259022
-0.329785136110065, -1.3041691411177272
-0.28665048725041997, -1.3055734236200915
-0.24384276780340908, -1.3047718417487073
-0.2015035627503159, -1.3017987330393752
-0.1597715514442378, -1.296698202467125
-0.11878182155658082, -1.2895238883138096
-0.07866520153534634, -1.2803386796840108
-0.03954761498200152, -1.2692143871162673
-0.0015494602415581649, -1.2562313679763673
0.03521498162845571, -1.2414781085505753
0.0706381074896339, -1.2250507649779614
0.10461951849502574, -1.2070526653713762
0.1370665095175005, -1.1875937756749602
0.16789451913842168, -1.166790131991403
0.19702753790261882, -1.1447632422835148
0.2243984727591122, -1.1216394605111537
0.24994946583110178, -1.0975493364054005
0.27363216589232686, -1.0726269442063228
0.2954079511687577, -1.0470091937981394
0.3152481023335255, -1.0208351277654606
0.3331339248177023, -0.9942452079661842
0.3490568198187555, -0.967380595270082
0.36301830365085996, -0.9403824261469541
0.37502997534542587, -0.9133910898042041
0.3851134326748554, -0.8865455095707561
0.39330013703629213, -0.8599824322023932
0.39963122789365324, -0.8338357287429572
0.4041572877341882, -0.8082357105166328
0.4069380587488566, -0.7833084637490435
0.4080421126927014, -0.7591752062194692
0.4075464756208044, -0.7359516692337453
0.4055362094261704, -0.713747508077748
0.40210395232677776, -0.6926657439656461
0.3973494206589461, -0.6728022403358673
0.3913788745320347, -0.654245216171998
0.3843045500842699, -0.6370747988363388
0.3762440612502772, -0.6213626187016668
0.3673197741067857, -0.607171447652889
0.35765815700317644, -0.5945548833057819
0.3473891098073605, -0.583557080556129
0.33664527570422736, -0.5742125318303766
0.3255613390731225, -0.5665458971597812
0.31427331304194517, -0.5605718849450865
0.3029178203682365, -0.5562951840194471
0.29163137133169736, -0.5537104473548453
0.2805496423378364, -0.5528023274930465
0.26980675892876405, -0.5535455635174975
0.259534586874562, -0.5559051191188923
0.2498620349773098, -0.5598363710457174
0.24091437315988198, -0.5652853469733214
0.2328125693334401, -0.5721890115722121
0.22567264844144963, -0.5804755993096887
0.21960507696459408, -0.5900649922798178
0.2147141760407007, -0.6008691411263829
0.21109756620741643, -0.6127925269029414
0.20884564661357935, -0.6257326615046854
0.20804111136891867, -0.639580624109432
0.20875850551174008, -0.6542216308808019
0.21106382287156927, -0.6695356350164771
0.21501414788943807, -0.6853979540690928
0.22065734323363145, -0.7016799213277827
0.22803178481444403, -0.7182495579252351
0.23716614555905302, -0.7349722622290176
0.24807922905817337, -0.751711512987463
0.26077985394105685, -0.7683295826299363
0.2752667895759111, -0.7846882570692982
0.29152874343024937, -0.8006495583210196
0.30954440016145107, -0.816076466238914
0.3292825122431526, -0.8308336356718427
0.35070204166950375, -0.8447881053691177
0.37375235201799795, -0.8578099950043865
0.3983734498939965, -0.8697731867484674
0.42449627452745153, -0.880555987900544
0.4520430340459732, -0.8900417711838684
0.4809275867096395, -0.8981195894262806
0.5110558651628965, -0.9046847614767569
0.542326341538838, -0.9096394263561883
0.5746305310421403, -0.9128930628029812
0.6078535314400647, -0.9143629715509343
0.641874595707188, -0.9139747178673515
0.6765677348999277, -0.9116625320825082
0.7118023481821928, -0.907369666056318
0.7474438767845544, -0.901048703753315
0.7833544785568607, -0.8926618243316734
0.81939371966876, -0.8821810163947512
0.8554192799248378, -0.8695882423033159
0.8912876680913229, -0.8548755517019369
0.9268549435800226, -0.8380451436726575
0.961977440802502, -0.8191093771917282
0.9965124924938088, -0.798090729829465
1.0303191483101397, -0.7750217048979384
1.0632588850289522, -0.7499446875147513
1.0951963047228275, -0.7229117503123494
1.1259998173397725, -0.6939844097797677
1.1555423042023045, -0.6632333344760972
1.1837017590350958, -0.6307380066010548
1.2103619032457598, -0.5965863386464949
1.2354127723149122, -0.5608742470823782
1.2587512702992703, -0.52370518525037
1.2802816896144744, -0.48518963784682756
1.2999161934417776, -0.44544457957330214
1.317575258293744, -0.4045929007158866
1.3331880744777151, -0.3627628025838538
1.3466929024110028, -0.32008716589207725
1.358037382967387, -0.2767028953101085
1.3671788002694667, -0.2327502435226086
1.3740842955844608, -0.18837211825058822
1.3787310312309908, -0.14371337577001692
1.3811063036598785, -0.09892010453339317
1.381207605131784, -0.054138902550459535
1.3790426336772565, -0.009516152216142368
1.3746292512891096, 0.034802703713160105
1.3679953905616482, 0.07867388129972575
1.3591789102547733, 0.12195596609061704
1.3482274005220578, 0.16451061164287162
1.3351979387991721, 0.20620322234294106
1.3201567976012187, 0.24690361703591254
1.3031791057233477, 0.28648667007813655
1.2843484645771717, 0.3248329265423999
1.2637565216248239, 0.3618291884368803
1.2415025030917337, 0.39736906894743557
1.2176927083473617, 0.4313535118762015
1.1924399685389766, 0.4636912736275394
1.1658630722462702, 0.4942993652838224
1.1380861610931263, 0.5231034525176529
1.1092380984063637, 0.5500382113027004
1.0794518141489593, 0.5750476376113975
1.0488636294765148, 0.5980853095229649
1.0176125643697402, 0.6191146004086315
0.9858396318822014, 0.6381088421110412
0.9536871226109022, 0.6550514372905354
0.9212978830470883, 0.6699359203709563
0.8888145914959126, 0.6827659667803909
0.8563790352658466, 0.6935553504467005
0.8241313928221609, 0.7023278497722162
0.7922095245732379, 0.7091171025754642
0.7607482759142608, 0.7139664107486731
0.7298787960899785, 0.7169284956369497
0.6997278763572753, 0.7180652053969592
0.6704173108294282, 0.717447175838461
0.642063283267822, 0.7151534464899023
0.6147757829541277, 0.711271033858188
0.588658052627056, 0.7058944640715928
0.5638060713037893, 0.6991252673024511
0.5403080746276099, 0.6910714365616445
0.5182441151912784, 0.6818468536390511
0.49768566508115986, 0.6715706851320699
0.478695262671062, 0.6603667516572467
0.46132620546838765, 0.6483628734770868
0.44562229057954766, 0.635690195894704
0.4316176041179926, 0.6224824978723312
0.41933636062781215, 0.608875487415458
0.40879279333998536, 0.5950060873319705
0.39999109581829867, 0.5810117150247944
0.3929254152890624, 0.56702956000701
0.38757989768434237, 0.5531958628399668
0.38392878416387394, 0.539645199187563
0.3819365586174757, 0.526509772653633
0.38155814538896854, 0.5139187200243769
0.3827391562056964, 0.5019974324742504
0.385416185046016, 0.4908668962120136
0.38951714943187965, 0.4806430559441548
0.39496167639614255, 0.4714362044161037
0.4016615311456673, 0.46335040115823733
0.4095210862228836, 0.45648292341421487
0.4184378287612453, 0.450923752064544
0.428302903235178, 0.44675509517918804
0.43900168692347497, 0.44405095164053965
0.45041439513773307, 0.4428767170730617
0.46241671311515803, 0.44328883409944236
0.4748804513385815, 0.44533448871635306
0.4876742209266928, 0.44905135434693744
0.5006641256347703, 0.4544673848832544
0.5137144669211416, 0.46160065778126985
0.5266884584677861, 0.47045926801492494
0.5394489464949971, 0.48104127343562153
0.5518591321803862, 0.4933346918204852
0.5637832924816399, 0.5073175496283261
0.575087495670573, 0.5229579822176922
0.5856403079129554, 0.5402143850181169
0.595313487274387, 0.5590356148850124
0.6039826615966765, 0.5793612406119013
0.6115279867716297, 0.6011218413221768
0.6178347820393484, 0.6242393512176498
0.6227941390555676, 0.6486274489239312
0.6263035016066473, 0.6741919894445502
0.6282672130009047, 0.7008314765176882
0.6285970283302003, 0.728437572962684
0.6272125889753059, 0.7568956464090504
0.6240418569216211, 0.7860853476197429
0.6190215066572677, 0.8158812184535347
0.612097272642494, 0.8461533263597626
0.6032242505664611, 0.8767679221628168
0.592367150843786, 0.9075881177745689
0.5795005030474117, 0.9384745803709176
0.5646088102252519, 0.9692862394842806
0.5476866523043058, 0.9998810033977006
0.528738738046291, 1.0301164811785462
0.5077799052818796, 1.0598507066608385
0.48483506941513554, 1.0889428606751015
0.45993912045422936, 1.1172539878335341
0.43313676908774174, 1.1446477042059624
0.4044823425864287, 1.1709908922685022
0.3740395315668471, 1.1961543795718659
0.34188108890456775, 1.2200135976593127
0.3080884823293455, 1.2424492178651543
0.27275150247151364, 1.2633477607428163
0.23596782835663405, 1.282602176006186
0.19784255256306207, 1.3001123900186544
0.1584876684633711, 1.3157858180300528
0.11802152216441796, 1.329537838541885
0.07656823194147319, 1.341292227374732
0.034257078127931176, 1.3509815492177277
-0.008778133426657467, 1.3585475046572428
-0.052399731082422366, 1.3639412309095098
-0.09646685695239737, 1.3671235547185063
-0.14083616279539407, 1.368065196124938
-0.18536251870709033, 1.3667469220632527
-0.22989973099243174, 1.3631596490000704
-0.27430126555556705, 1.3573044940878833
-0.31842097311512896, 1.349192774571041
-0.3621138125434984, 1.338845955445529
-0.4052365686381157, 1.3262955456385639
-0.44764856066143843, 1.3115829432371484
-0.48921233803322617, 1.2947592305551803
-0.5297943596246283, 1.2758849200850824
-0.5692656531872466, 1.2550296526309848
-0.6075024515519688, 1.2322718491648992
-0.644386802351097, 1.2076983181838543
-0.6798071481526636, 1.181403820573402
-0.7136588740470646, 1.153490594200108
-0.7458448198925751, 1.1240678406614242
-0.7762757546069655, 1.0932511768147792
-0.804870810086463, 1.061162053887718
-0.8315578725397642, 1.0279271471365488
-0.8562739292424524, 0.9936777191715187
-0.878965368945148, 0.9585489602010266
-0.8995882344056298, 0.922679308565343
-0.9181084257599579, 0.8862097550309733
-0.9345018536989527, 0.8492831343997436
-0.9487545416730199, 0.8120434080514356
-0.9608626766088952, 0.7746349410850761
-0.9708326078851179, 0.7372017777514864
-0.978680794577578, 0.6998869188783168
-0.984433701250937, 0.6628316049785302
-0.9881276428347758, 0.6261746087041005
-0.9898085793836378, 0.590051540258828
-0.989531861776316, 0.5545941693177677
-0.9873619296605697, 0.5199297669162886
-0.9833719631935665, 0.4861804706695469
-0.9776434903645523, 0.45346267656374567
-0.9702659519133108, 0.42188646042460154
-0.9613362260747422, 0.3915550320165454
-0.9509581155852357, 0.362564224559248
-0.9392417995794168, 0.3350020222668504
-0.9263032531853083, 0.30894812832074114
-0.9122636377910273, 0.28447357547987145
-0.8972486651060319, 0.26164038131446327
-0.8813879382738651, 0.2405012498207041
-0.8648142734105593, 0.22109932093672274
-0.8476630050429251, 0.2034679692351451
-0.8300712790031308, 0.18763065281592123
-0.8121773364000535, 0.17360081316635861
-0.7941197923334229, 0.16138182649456878
-0.7760369130435212, 0.15096700677923053
-0.7580658951971435, 0.14233966051404273
-0.7403421509994687, 0.13547319286080245
-0.7229986027915984, 0.13033126466208744
-0.7061649907448997, 0.12686799950436412
-0.6899671971962376, 0.1250282397663272
-0.6745265910829107, 0.12474785033671743
-0.6599593958332743, 0.1259540684420234
-0.6463760839489381, 0.12856589778861888
-0.6338808013778234, 0.13249454499721247
-0.6225708246249098, 0.13764389609116182
-0.612536053379978, 0.14391103059530122
-0.6038585412598956, 0.15118677060958222
-0.5966120670679812, 0.1593562620428878
-0.5908617487656669, 0.1682995850278863
-0.5866637021331236, 0.1778923903885301
-0.5840647458668901, 0.18800655889849677
-0.5831021546249258, 0.19851087995232952
-0.5838034612842192, 0.20927174617167635
-0.5861863094242852, 0.22015386038752474
-0.5902583567929185, 0.2310209513759975
-0.5960172302497401, 0.24173649468048616
-0.6034505324196966, 0.2521644348268312
-0.6125359000241158, 0.2621699052311449
-0.6232411135925329, 0.27161994211161167
-0.6355242579956191, 0.2803841887462508
-0.6493339329795383, 0.2883355864679813
-0.6646095126262204, 0.2953510488561029
-0.6812814524137378, 0.30131211566926325
-0.6992716423074076, 0.3061055831685206
-0.7184938040767328, 0.30962410759985903
-0.7388539308070146, 0.31176677874275055
-0.7602507663585432, 0.3124396605844308
-0.7825763223218885, 0.31155629634764576
-0.8057164298259263, 0.30903817528193867
-0.8295513233768832, 0.30481515882404725
-0.8539562537427279, 0.2988258639407822
-0.8788021267486448, 0.291018001686704
-0.9039561647166235, 0.2813486692379549
-0.9292825871662834, 0.2697845939015162
-0.9546433072955142, 0.2563023278447489
-0.9798986406785376, 0.24088839254212546
-1.0049080225565605, 0.22353937219315365
-1.0295307300519878, 0.2042619556265231
-1.0536266056119152, 0.18307292646891554
-1.077056777980267, 0.15999910162148603
-1.0996843770103137, 0.135077218351464
-1.1213752386608418, 0.1083537705690128
-1.1419985965692028, 0.07988479511946006
-1.161427756663039, 0.049735609176617235
-1.1795407513591099, 0.017980500072954098
-1.1962209700018684, -0.01529763085425806
-1.211357762315846, -0.050007668586596554
-1.2248470117838037, -0.08605072687780735
-1.236591676016216, -0.12332063058105922
-1.2465022913464292, -0.161704435390653
-1.2544974390685562, -0.20108298234710198
-1.2605041709312934, -0.2413314842768851
-1.2644583917090353, -0.28232014117472193
-1.2663051968910444, -0.3239147813881107
-1.265999163758869, -0.3659775253320566
-1.263504594360409, -0.4083674683464127
-1.2587957091349447, -0.45094137921049715
-1.25185679019566, -0.4935544107494828
-1.242682273533554, -0.5360608189050421
-1.2312767896676902, -0.5783146865996079
-1.2176551525303043, -0.6201706486988017
-1.2018422966398672, -0.661484614371064
-1.1838731628795336, -0.7021144831567347
-1.1637925334611614, -0.7419208510908489
-1.1416548169148029, -0.7807677032748008
-1.1175237841990056, -0.8185230893612756
-1.091472257277205, -0.8550597785039835
-1.0635817517483346, -0.8902558904289387
-1.0339420753547766, -0.923995499405782
-1.0026508844162096, -0.9561692080363571
-0.9698132004529968, -0.9866746879319419
-0.9355408894663094, -1.0154171845197286
-0.8999521065329252, -1.0423099834026304
-0.8631707085500533, -1.0672748358928823
-0.8253256381282454, -1.0902423415486755
-0.7865502817778766, -1.1111522857628624
-0.7469818056661859, -1.1299539306824462
-0.7067604723362649, -1.146606257976274
-0.6660289418768982, -1.161078162214354
-0.6249315611113739, -1.1733485938748067
-0.5836136444346817, -1.1834066512518941
-0.542220749971158, -1.1912516207997914
-0.5008979547484222, -1.1968929657103784
-0.45978913258840587, -1.200350262787948
-0.4190362384024054, -1.2016530879479976
-0.37877860254408724, -1.2008408509299415
-0.3391522388230769, -1.1979625800731493
-0.30028916971164243, -1.1930766582610022
-0.2623167721891162, -1.186250511387261
-0.22535714756306657, -1.177560250941733
-0.18952651848348223, -1.167090272546726
-0.1549346562272378, -1.15493281250095
-0.12168434117514365, -1.1411874646021516
-0.08987085923408211, -1.125960659722754
-0.05958153677298711, -1.1093651108032125
-0.030895316444206344, -1.091519226104416
-0.0038823760528668982, -1.0725464937227942
0.021396207583497084, -1.0525748405185265
0.044888748072813456, -1.031735968738049
0.06655319071052895, -1.0101646737259573
0.08635730433890204, -0.9879981462180609
0.10427882282934481, -0.9653752627859539
0.12030553547116801, -0.942435868064099
0.13443532581153858, -0.9193200524321625
0.14667615875498707, -0.8961674288485996
0.15704601599552306, -0.873116412535591
0.16557278011861246, -0.8503035072008265
0.17229406797281524, -0.8278626014480002
0.17725701417033626, -0.8059242789757155
0.18051800583080077, -0.7846151460938242
0.18214236993191354, -0.7640571799975753
0.18220401487307267, -0.7443671011336257
0.18078502809213853, -0.725655772868715
0.17797523180033192, -0.7080276315319421
0.17387169911445066, -0.6915801497462921
0.1685782330680787, -0.6764033357945345
0.16220481117335184, -0.662579271580336
0.15486699838098655, -0.6501816915478709
0.14668533144794257, -0.639275604713681
0.13778467786821588, -0.6299169617438639
0.12829357265247476, -0.6221523687793027
0.11834353635541542, -0.6160188494723452
0.10806837784564229, -0.6115436564517518
0.09760348539097084, -0.608744133179808
0.08708510969163831, -0.6076276269076606
0.07664964253528694, -0.6081914531735396
0.06643289476975817, -0.6104229120247835
0.05656937729336731, -0.6142993558799796
0.047191588746786806, -0.6197883086833164
0.038429313556455874, -0.6268476357408163
0.03040893392639349, -0.6354257633688305
0.023252759304027926, -0.6454619472303038
0.017078376756228864, -0.6568865879852137
0.011998025584747912, -0.6696215926395344
0.008117999386376584, -0.6835807797432137
0.005538078622642051, -0.6986703263633443
0.00435099660791699, -0.7147892545448953
0.004641941653816595, -0.7318299547693852
0.006488097922839775, -0.7496787437325041
0.009958227346267723, -0.7682164535860719
0.015112294751219224, -0.787319049628765
0.022001138120831654, -0.8068582732843121
0.030666185680651492, -0.8267023070765709
0.041139221264797354, -0.846716458198195
0.05344219916857956, -0.8667638571744196
0.06758710944106433, -0.8867061680462276
0.08357589431313978, -0.9064043064380328
0.10140041619507817, -0.9257191618347514
0.12104247741377239, -0.944512320371278
0.1424738915952587, -0.9626467844348424
0.16565660633389684, -0.9799876853968161
0.19054287652727597, -0.9964029858255228
0.21707548749680672, -1.0117641675854405
0.245188026759191, -1.0259469023000554
0.2748052030651841, -1.0388317007458479
0.305843211080312, -1.0503045378525235
0.33821013984856657, -1.0602574501091104
0.3718064229563594, -1.0685891023167473
0.40652532810050956, -1.0752053207854688
0.4422534835625016, -1.0800195902438818
0.4788714389025749, -1.0829535119161002
0.5162542570118606, -1.0839372204187139
0.5542721345006798, -1.0829097573411606
0.59279104725579, -1.0798193995941856
0.6316734178708413, -1.0746239408423819
0.6707788015422352, -1.0672909245765432
0.7099645869280097, -1.0577978276288533
0.7490867083909825, -1.04613219318721
0.7880003659887723, -1.0322917126231916
0.8265607495338892, -1.0162842557098208
0.8646237630260288, -0.9981278490691137
0.9020467457566941, -0.9778506029541003
0.9386891864032991, -0.9554905867340893
0.9744134264655606, -0.9310956537141963
1.0090853494514125, -0.9047232161792182
1.042575052292507, -0.8764399718063144
1.0747574955600068, -0.8463215828396984
1.1055131291598819, -0.8144523096618841
1.1347284903119996, -0.7809246006293047
1.1622967707590703, -0.7458386402636414
1.188118350308715, -0.7093018581030793
1.2121012939839686, -0.6714284007188642
1.2341618102435161, -0.6323385695908361
1.2542246679319866, -0.5921582277100675
1.272223569831496, -0.5510181779366996
1.2881014809074733, -0.5090535162854327
1.3018109095734351, -0.4664029634391449
1.3133141405393927, -0.42320817790267434
1.3225834180561837, -0.37961305430232667
1.3296010786214727, -0.3357630104128034
1.3343596324715392, -0.2918042665507966
1.3368617934447564, -0.24788312101332977
1.3371204570665276, -0.2041452252594133
1.3351586269701639, -0.1607348625345105
1.3310092900322172, -0.11779423361993674
1.3247152408629776, -0.07546275335268998
1.3163288565516535, -0.0338763615061001
1.305911822820094, 0.006833148451623444
1.2935348129871875, 0.04653877929562941
1.2792771213873557, 0.08511895536275582
1.2632262531193048, 0.12245812005942872
1.245477472224353, 0.15844730251082426
1.226133310606235, 0.1929846504606494
1.205303040204775, 0.22597592670372071
1.1831021111236977, 0.2573349665199157
1.1596515585868432, 0.28698409377747164
1.135077381756202, 0.31485449358515327
1.1095098975891586, 0.3408865395947992
1.0830830730396432, 0.36503007428786477
1.055933839018646, 0.38724464081993804
1.0282013896226916, 0.4074996652448946
1.0000264702139516, 0.42577458819423514
0.9715506579928014, 0.44205894534546936
0.9429156387415871, 0.4563523962754514
0.9142624834381334, 0.46866470155837703
0.8857309284378171, 0.4790156482329353
0.8574586629047559, 0.48743492402704214
0.8295806271355386, 0.4939619409906714
0.8022283253629228, 0.4986456094459716
0.7755291565529066, 0.5015440634179593
0.7496057666163498, 0.5027243389571077
0.7245754253467558, 0.5022620070061157
0.7005494312691596, 0.5002407626955278
0.6776325474423172, 0.49675197317565445
0.6559224710978993, 0.49189418630432646
0.6355093398272659, 0.4857726027100638
0.616475276839392, 0.47849851393760934
0.5988939776135318, 0.47018870955611847
0.5828303400584758, 0.46096485626899686
0.5683401400675894, 0.4509528522075752
0.5554697541265932, 0.4402821597175868
0.5442559303902719, 0.42908512005744376
0.534725609396366, 0.4174962535197355
0.5268957953308807, 0.40565154856181657
0.52077347850048, 0.3936877435876417
0.5163556094056199, 0.3817416050603793
0.5136291245440837, 0.3699492056442153
0.5125710238099339, 0.3584452060733762
0.5131484990889303, 0.34736214442747354
0.5153191133895332, 0.33682973645421366
0.519031029590086, 0.3269741905239688
0.5242232876288975, 0.3179175407259466
0.5308261287161569, 0.30977700152266585
0.538761364905987, 0.30266434726933206
0.5479427921348994, 0.2966853197773579
0.5582766446105605, 0.29193906695781413
0.56966208822311, 0.288517615421677
0.5819917504517637, 0.2865053797398766
0.5951522840525478, 0.28597871087874727
0.6090249616402529, 0.287005486125976
0.623486298119613, 0.28964474260991924
0.6384086977781072, 0.2939463562921953
0.6536611227266855, 0.29995076808075505
0.6691097792653552, 0.30768875846968163
0.6846188186588792, 0.3171812718636396
0.7000510487340003, 0.3284392914908135
0.7152686526541816, 0.34146376554932495
0.730133911191111, 0.3562455849700629
0.7445099247941481, 0.3727656129148285
0.7582613317599393, 0.3909947658639895
0.7712550188242093, 0.41089414588400164
0.7833608205364236, 0.4324152234032539
0.7944522038353432, 0.45550006956637984
0.8044069343189932, 0.48008163698351436
0.8131077207962062, 0.5060840874433732
0.8204428348178041, 0.5334231649188357
0.8263067020133863, 0.5620066119618958
0.8306004622038314, 0.5917346273629631
0.8332324954191374, 0.6225003627382869
0.8341189111256149, 0.654190455510192
0.8331839981544071, 0.6866855955584489
0.8303606330243182, 0.719861122649051
0.8255906445645347, 0.753587651588879
0.818825132966295, 0.7877317219131066
0.8100247416255308, 0.8221564687864678
0.7991598803798374, 0.8567223116909267
0.7862108989916592, 0.891287657381372
0.7711682099839496, 0.9257096135176136
0.7540323601934855, 0.9598447093265317
0.7348140506692546, 0.993549619611972
0.713534104807412, 1.026681888412774
0.690223384878936, 1.0591006486111465
0.6649226573700646, 1.0906673338139314
0.6376824078171921, 1.1212463788689753
0.6085626060762419, 1.1507059054366342
0.5776324232199266, 1.1789183891127841
0.5449699015035634, 1.205761304694049
0.5106615790802387, 1.2311177462873906
0.47480207137730557, 1.254877019094946
0.4374936112678812, 1.276935199849618
0.39884555038177005, 1.2971956630370527
0.3589738240987108, 1.315569570214674
0.31800038295283517, 1.331976319926791
0.27605259334872057, 1.3463439559163852
0.2332626106464431, 1.3586095315472004
0.18976672781439008, 1.3687194285735846
0.14570470297327917, 1.3766296286289335
0.1012190692630881, 1.3823059360451355
0.056454430554691765, 1.3857241508642832
0.011556746600520845, 1.3868701911584327
-0.033327388727378865, 1.385740164032319
-0.0780514724284134, 1.3823403849462337
-0.12246981689330697, 1.376687345260426
-0.1664382702551615, 1.3688076281670436
-0.20981492889527004, 1.3587377734394424
-0.25246083846730605, 1.34652409169032
-0.2942406798624326, 1.332222429088167
-0.33502343661463574, 1.3158978837348005
-0.37468304034063593, 1.2976244751537804
-0.41309899092103225, 1.2774847685791726
-0.4501569482584403, 1.2555694559651394
-0.485749292593733, 1.2319768958580657
-0.5197756505223363, 1.2068126144831017
-0.5521433840277828, 1.180188770595303
-0.582768040038965, 1.1522235868306692
-0.6115737582192786, 1.1230407504635849
-0.638493634909452, 1.0927687866335343
-0.6634700413700965, 1.0615404072445334
-0.686454894703578, 1.0294918388651102
-0.7074098800768889, 0.9967621330638586
-0.7263066231161042, 0.9634924627053058
-0.7431268115978307, 0.9298254078025562
-0.7578622658223261, 0.8959042345763606
-0.7705149573152746, 0.8618721714049902
-0.7810969757695116, 0.8278716853649952
-0.7896304444025237, 0.7940437630598361
-0.7961473841693989, 0.7605271994113164
-0.8006895275323135, 0.7274578980478585
-0.8033080827456011, 0.6949681868643719
-0.8040634498684356, 0.6631861522506414
-0.8030248899639452, 0.6322349953895681
-0.800270149182955, 0.6022324139138178
-0.7958850396611472, 0.5732900120793337
-0.7899629793792817, 0.5455127424685354
-0.782604493345876, 0.5189983820744819
-0.77391667865944, 0.49383704544136664
-0.7640126361921111, 0.4701107373472611
-0.7530108718070062, 0.44789294731245854
-0.7410346701774924, 0.42724828800301984
-0.7282114444165178, 0.4082321793743827
-0.7146720648477568, 0.3908905801659232
-0.7005501703570498, 0.3752597681151965
-0.6859814658514074, 0.36136617001119264
-0.6711030094240609, 0.3492262424511338
-0.6560524928763445, 0.33884640390581056
-0.6409675192813304, 0.33022301843609997
-0.6259848812889879, 0.3233424311389728
-0.6112398438688591, 0.3181810551367609
-0.5968654351634649, 0.31470550965969935
-0.5829917490840287, 0.3128728085104609
-0.5697452632200326, 0.31263059794160286
-0.5572481755556931, 0.31391744272411215
-0.545617763390137, 0.3166631589387057
-0.5349657677444982, 0.3207891917824885
-0.5253978064086386, 0.32620903645335697
-0.5170128186337055, 0.3328286999540943
-0.5099025443147843, 0.34054720144880535
-0.5041510403313995, 0.349257108607132
-0.4998342365235665, 0.3588451071875106
-0.4970195335782268, 0.36919260094077244
-0.49576544488653396, 0.38017633876018275
-0.4961212842074644, 0.39166906586464056
-0.4981269007388648, 0.40354019567885036
-0.5018124629545493, 0.4156564989682211
-0.5071982923165199, 0.42788280669815243
-0.5142947477162573, 0.44008272301689205
-0.5231021612394868, 0.4521193447095522
-0.5336108255862433, 0.4638559834375009
-0.5458010332138141, 0.4751568870632114
-0.5596431670055002, 0.48588795636520643
-0.5750978420045282, 0.49591745347120675
-0.5921160974912332, 0.5051166983800357
-0.610639638423988, 0.513360750003516
-0.6306011250118941, 0.5205290682388551
-0.6519245089409258, 0.5265061536789238
-0.6745254145365285, 0.5311821616820965
-0.6983115629158341, 0.5344534876545208
-0.7231832369625467, 0.5362233205447222
-0.7490337847488359, 0.5364021617130715
-0.7757501588317147, 0.5349083065156487
-0.8032134886678768, 0.5316682861326248
-0.8312996832214405, 0.5266172673746543
-0.8598800606845544, 0.5196994084155206
-0.8888220020920137, 0.5108681686247534
-0.917989625488771, 0.5000865709085236
-0.9472444772038954, 0.4873274152100665
-0.9764462366971186, 0.4725734420705434
-1.0054534313743142, 0.45581744540667185
-1.034124157717403, 0.4370623339211168
-1.0623168050416087, 0.4163211408242749
-1.0898907781794278, 0.39361698181048005
-1.1167072153961894, 0.368982961496148

Venus positions:
-0.277, 0.0
-0.2771354167490824, 0.0030253296622268673
-0.2775414880508462, 0.006039863539002849
-0.278217677230978, 0.009032816827375098
-0.27916309037261033, 0.011993426680015906
-0.28037647712633385, 0.014910963159615737
-0.28185623184328146, 0.01777474016519394
-0.28360039503034495, 0.020574126321001793
-0.2856066551263269, 0.023298555818722783
-0.28787235059755945, 0.02593753920371264
-0.2903944723512627, 0.02848067409606736
-0.2931696664646506, 0.030917655837359365
-0.296194237227529, 0.033238288053943355
-0.29946415049588093, 0.0354324931277997
-0.3029750373536627, 0.03749032256595847
-0.30672219807979517, 0.03940196725963002
-0.3107006064170694, 0.041157767624255825
-0.3149049141394461, 0.04274822361179159
-0.31932945591397244, 0.04416400458663533
-0.323968254453306, 0.04539595905672755
-0.328815025954584, 0.04643512425146312
-0.33386318582014907, 0.04727273553818295
-0.3391058546554008, 0.047900235669140645
-0.3445358645388197, 0.04830928385097932
-0.35014576555897625, 0.04849176462889632
-0.35592783261312577, 0.04843979657782277
-0.36187407246176273, 0.048145740793104075
-0.36797623103330135, 0.04760220917332625
-0.37422580097284175, 0.046802072488104585
-0.38061402942877015, 0.0457384682238236
-0.3871319260707528, 0.04440480820049858
-0.39377027133248427, 0.042794785953111036
-0.400519624872363, 0.040902383870968784
-0.4073703342450864, 0.038721880088827376
-0.4143125437769822, 0.03624785512372197
-0.42133620363771584, 0.03347519825165435
-0.4284310791008556, 0.03039911361849945
-0.43558675998561464, 0.027015126079707685
-0.4427926702719336, 0.02331908676359795
-0.4500380778809269, 0.01930717835326401
-0.45731210461257027, 0.014975920082344385
-0.46460373623237383, 0.010322172440135335
-0.47190183269866215, 0.00534314158176985
-0.479195138521956, 3.638343941370081e-05
-0.48647229324784214, -0.005600192469313203
-0.49372184205460634, -0.01156831953924875
-0.5009322464568102, -0.01786937088523388
-0.5080918951058938, -0.024504356462345278
-0.5151891146788057, -0.031473920501613684
-0.52221218084558, -0.03877833926376262
-0.5291493293067113, -0.046417519113258865
-0.5359887668911145, -0.05439099491468635
-0.5427186827053986, -0.06269792875320646
-0.5493272593251357, -0.07133710898059853
-0.5558026840187681, -0.08030694958810658
-0.5621331599947544, -0.08960548990705619
-0.5683069176625398, -0.09923039463793504
-0.5743122258979103, -0.10917895420836443
-0.5801374033032772, -0.11944808546011698
-0.5857708294534465, -0.13003433266507103
-0.5912009561174152, -0.14093386886972203
-0.5964163184467638, -0.15214249756759846
-0.601405546121223, -0.16365565469867005
-0.6061573744420256, -0.17546841097455723
-0.6106606553636846, -0.18757547452809542
-0.614904368454885, -0.19997119388553042
-0.6188776317792226, -0.21264956125936674
-0.6225697126865817, -0.22560421615962112
-0.6259700385060085, -0.23882844932097191
-0.6290682071310085, -0.2523152069430411
-0.631853997488272, -0.26605709524077836
-0.6343173798809265, -0.2800463853016737
-0.6364485261974979, -0.2942750182462609
-0.638237819977872, -0.30873461068812746
-0.6396758663276485, -0.32341646048940687
-0.6407535016724024, -0.3383115528074707
-0.6414618033434802, -0.3534105664283126
-0.6417920989870938, -0.36870388038186297
-0.6417359757886076, -0.3841815808342576
-0.6412852895040536, -0.39983346825183275
-0.6404321732910632, -0.41564906483141306
-0.6391690463315522, -0.43161762219122535
-0.6374886222386633, -0.4477281293165538
-0.6353839172406266, -0.4639693207540482
-0.6328482581343869, -0.48032968504837836
-0.6298752900020098, -0.4967974734147348
-0.6264589836830732, -0.5133607086404676
-0.6225936429964334, -0.5300071942089727
-0.6182739117049607, -0.5467245236387392
-0.6134947802170255, -0.5635000900302963
-0.6082515920187351, -0.5803210958136167
-0.6025400498311249, -0.5971745626883671
-0.596356221486721, -0.6140473417492304
-0.5896965455201216, -0.6309261237883641
-0.5825578364674558, -0.6477974497669156
-0.5749372898698152, -0.664647721447355
-0.5668324869759874, -0.6814632121782616
-0.5582413991400494, -0.6982300778230612
-0.5491623919096297, -0.7149343678240794
-0.5395942288008798, -0.731562036393174
-0.5295360747564569, -0.7480989538200754
-0.5189874992830557, -0.7645309178894779
-0.50794847926529, -0.7808436653978141
-0.49641940145298136, -0.7970228837605622
-0.4844010646191588, -0.8130542227008457
-0.47189468138635265, -0.8289233060100074
-0.45890187971900914, -0.8446157433707863
-0.44542470408013735, -0.8601171422336336
-0.4314656162505447, -0.8754131197366875
-0.41702749580930715, -0.8904893146598468
-0.4021136402743708, -0.9053313994033626
-0.3867277649024684, -0.9199250919813321
-0.37087400214779037, -0.9342561680204522
-0.3545569007791332, -0.9483104727543752
-0.3377814246555185, -0.9620739330039993
-0.320552951160539, -0.9755325691340314
-0.30287726929597797, -0.9886725069761548
-0.28476057743550165, -1.0014799897091642
-0.26620948073951317, -1.0139413896864324
-0.247230988232512, -1.0260432202011285
-0.22783250954459344, -1.0377721471796144
-0.2080218513189645, -1.0491150007935235
-0.18780721328764804, -1.0600587869810476
-0.1671971840178017, -1.0705906988680385
-0.14620073633133224, -1.0806981280795953
-0.12482722240077637, -1.090368675932867
-0.10308636852464281, -1.099590164501914
-0.08098826958571237, -1.1083506475455198
-0.05854338319600383, -1.1166384212889882
-0.035762523532408164, -1.1244420350510174
-0.012656854867208578, -1.1317503017068953
0.010762115202028077, -1.1385523079793531
0.03448254281845575, -1.1448374245485426
0.0584922552229028, -1.1505953159727462
0.08277875839655158, -1.155815950411555
0.10732924498393936, -1.1604896091434003
0.13213060249058417, -1.1646068958694762
0.1571694217493841, -1.1681587457962508
0.18243200564965467, -1.1711364344889192
0.2079043781225014, -1.1735315864883353
0.23357229337599716, -1.1753361836841263
0.25942124537340777, -1.176542573436878
0.2854364775475566, -1.1771434764424715
0.3116029927441727, -1.1771319943318415
0.337905563386915, -1.176501616999623
0.3643287418565644, -1.175246229655373
0.3908568710766985, -1.1733601195912366
0.4174740952979931, -1.1708379826601745
0.4441643710731316, -1.1676749294590532
0.4709114784141431, -1.163866491211161
0.49769903212382466, -1.1594086253429046
0.5245104932927758, -1.1542977207497014
0.5513291809534148, -1.1485306027463096
0.5781382838822207, -1.1421045376970729
0.6049208725413224, -1.1350172373218146
0.6316599111504231, -1.127266862673354
0.6583382698799349, -1.11885202778287
0.6849387371561209, -1.1097718029696018
0.7114440320688957, -1.1000257178116195
0.7378368168728807, -1.0896137637746681
0.7640997095722166, -1.078536396496348
0.7902152965795364, -1.0667945377231625
0.8161661454394742, -1.0543895768982265
0.8419348176069804, -1.0413233723977036
0.8675038812706856, -1.027598252414304
0.8928559242114963, -1.0132170154864648
0.9179735666865708, -0.9981829306720815
0.9428394743287938, -0.9824997373659585
0.9674363710518311, -0.9661716447604116
0.9917470519508464, -0.9492033309487311
1.015754396188942, -0.9315999416714981
1.0394413798593862, -0.913367088706015
1.062791088813698, -0.8945108478993953
1.085786731445683, -0.8750377568461296
1.1084116514215023, -0.8549548122112319
1.1306493403459446, -0.8342694667003261
1.1524834503550498, -0.8129896256783311
1.1738978066253103, -0.7911236434386608
1.1948764197897346, -0.7686803191251298
1.2154034982510789, -0.745668892309042
1.2354634603826795, -0.7220990382241818
1.2550409466073367, -0.6979808626627203
1.2741208313448218, -0.6733248965353007
1.2926882348186535, -0.6481420900988379
1.3107285347128923, -0.6224438068558137
1.3282273776698028, -0.5962418171291334
1.3451706906193523, -0.5695482913168277
1.3615446919316252, -0.5423757928311743
1.3773359023833682, -0.5147372707270269
1.392531155930002, -0.4866460520244207
1.4071176102745928, -0.45811583373072107
1.4210827572254077, -0.42916067456785617
1.4344144328338382, -0.3997949864103887
1.4471008273046326, -0.3700335254404258
1.459130494670555, -0.33989138302555855
1.47049236222374, -0.309383976326287
1.4811757396962204, -0.2785270386395542
1.491170328182255, -0.24733660948526293
1.5004662287953026, -0.2158290244428379
1.5090539510526684, -0.18402090474507254
1.5169244209810606, -0.151929146636741
1.5240689889364911, -0.11957091050558583
1.5304794371321704, -0.08696360979354806
1.5361479868682757, -0.054124899696192386
1.5410673054576671, -0.021072665658536716
1.5452305128418853, 0.012174988324405778
1.548631187891964, 0.045599751593866755
1.5512633743888542, 0.0791831188916956
1.5531215866784738, 0.11290640259409629
1.5542008149966589, 0.14675074510578345
1.5544965304595226, 0.18069713140552146
1.5540046897149984, 0.21472640173383095
1.5527217392515764, 0.2488192644136037
1.5506446193605234, 0.2829563087941892
1.54777076774812, 0.3171180183094523
1.5440981227947144, 0.35128478364020366
1.5396251264576717, 0.3854369159712765
1.5343507268155512, 0.41955466033351374
1.5282743802511187, 0.45361820902078237
1.5213960532710815, 0.4876077150721283
1.5137162239606976, 0.5215033058090657
1.505235883071696, 0.5552850964180045
1.4959565347422177, 0.5889332035677397
1.4858801968477615, 0.6224277590518926
1.4750094009824122, 0.655748923446186
1.463347192069894, 0.6888768997703953
1.4508971276042835, 0.7217919471448194
1.4376632765204889, 0.7544743944311086
1.4236502176948906, 0.7869046538472809
1.4088630380768206, 0.8190632345467821
1.3933073304518269, 0.8509307561514616
1.3769891908379635, 0.8824879622283549
1.3599152155166179, 0.9137157337002138
1.3420924976996642, 0.9445951021797541
1.323528623835022, 0.9751072632176384
1.3042316695529461, 1.0052335894543014
1.2842101952556872, 1.0349556436657399
1.2634732413533927, 1.064255191693515
1.2420303231494287, 1.0931142152492443
1.2198914253785325, 1.1215149245840068
1.1970669964014937, 1.149439771013127
1.1735679420603278, 1.1768714592869383
1.1494056191981392, 1.2037929597982286
1.1245918288481658, 1.2301875206171813
1.0991388090967062, 1.256038679344765
1.0730592276249198, 1.2813302747756483
1.0463661739347003, 1.3060464583618476
1.01907315126411, 1.330171705468471
0.9911940681980465, 1.3536908264130716
0.962743229980076, 1.3765889772802933
0.9337353295316188, 1.3988516705036176
0.9041854381848287, 1.4204647852062553
0.8741089961358235, 1.4414145772933291
0.8435218026250286, 1.4616876892877544
0.8124400058517074, 1.4812711599023514
0.7808800926298768, 1.5001524333409542
0.7488588777930698, 1.5183193683214644
0.7163934933555367, 1.5357602468140192
0.6835013774377212, 1.5524637824876384
0.6502002629639791, 1.5684191288589533
0.6165081661407269, 1.5836158871368131
0.5824433747233528, 1.5980441137568133
0.5480244360803719, 1.6116943276000253
0.5132701450635005, 1.6245575168904167
0.47819953169243207, 1.6366251457657226
0.4428318486632906, 1.6478891605167423
0.4071865586898104, 1.65834199549031
0.3712833216864861, 1.667976578651424
0.33514198180299587, 1.6767863368002782
0.29878255431936424, 1.6847652004401994
0.2622252124114398, 1.6919076082927482
0.22549027379629594, 1.6982085114565237
0.18859818726735145, 1.7036633772064553
0.1515695191290167, 1.7082681924306538
0.11442493954080575, 1.7120194667021555
0.07718520878087345, 1.7149142349831714
0.039871163439035455, 1.7169500599597294
0.0025037025493923268, 1.7181250340048706
-0.03489622632734064, 1.7184377807688471
-0.0723076410615383, 1.7178874563950424
-0.1097095389422462, 1.7164737503606171
-0.14708091068434884, 1.7141968859411745
-0.18440075444509624, 1.7110576202990044
-0.22164808983966722, 1.7070572441947682
-0.25880197194555854, 1.7021975813227526
-0.29584150528548836, 1.6964809872701136
-0.3327458577785721, 1.6899103481008173
-0.3694942746495779, 1.6824890785652444
-0.4060660922860007, 1.6742211199367472
-0.4424407520328593, 1.6651109374766806
-0.47859781391505907, 1.6551635175297508
-0.5145169702773044, 1.6443843642517684
-0.550178059331506, 1.6327794959722004
-0.5855610786018163, 1.6203554411941608
-0.620646198257404, 1.6071192342347733
-0.6554137743232077, 1.5930784105091051
-0.6898443617590109, 1.5782410014611234
-0.7239187273972378, 1.5626155291454205
-0.7576178627300191, 1.5462110004636866
-0.790922996536165, 1.529036901060187
-0.8238156073388174, 1.5111031888807485
-0.8562774356846614, 1.4924202874000172
-0.8882904962357419, 1.472999078521994
-0.9198370896650435, 1.4528508951591
-0.9508998143471584, 1.4319875134952698
-0.9814615778355076, 1.4104211449388067
-1.0115056081177676, 1.388164427770949
-1.0410154646412866, 1.365230418496362
-1.0699750491004787, 1.3416325829019518
-1.0983686159783608, 1.3173847868306356
-1.1261807828345474, 1.2925012866769385
-1.1533965403322841, 1.266996719611427
-1.1800012619972153, 1.2408860935412762
-1.2059807137008418, 1.2141847768144054
-1.231321062861814, 1.1869084876748244
-1.256008887358415, 1.159073283477028
-1.2800311841458147, 1.1306955496674471
-1.303375377571907, 1.1017919885411256
-1.3260293273857484, 1.0723796077819832
-1.347981336432865, 1.0424757087951841
-1.3692201580319394, 1.012097874840241
-1.3897350030276117, 0.9812639589736993
-1.4095155465143892, 0.9499920718103256
-1.4285519342268973, 0.9183005691119022
-1.4468347885919703, 0.8862080392128294
-1.4643552144383216, 0.8537332902918652
-1.481104804359807, 0.8208953374994484
-1.4970756437285502, 0.787713389950146
-1.512260315354457, 0.7542068375898796
-1.5266519037879316, 0.7203952379476554
-1.540243999262863, 0.6862983027816201
-1.5530307012772235, 0.6519358846293434
-1.5650066218089047, 0.6173279632722677
-1.5761668881646824, 0.5824946321243722
-1.5865071454604838, 0.5474560845551056
-1.5960235587314116, 0.5122326001567128
-1.6047128146702558, 0.4768445309661067
-1.6125721229935013, 0.4413122876514793
-1.6195992174341352, 0.4056563256738413
-1.6257923563608214, 0.3698971314337222
-1.6311503230233066, 0.33405520841324937
-1.635672425424195, 0.2981510633238281
-1.6393584958175174, 0.2622051922696423
-1.6422088898347973, 0.22623806693715062
-1.644224485239599, 0.19027012082077535
-1.6454066803118268, 0.15432173549488493
-1.645757391863312, 0.11841322694220457
-1.6452790528865222, 0.08256483194866218
-1.643974609838476, 0.046796694574671255
-1.6418475195622493, 0.011128852712786852
-1.6389017458487103, -0.024418775258429504
-1.6351417556414032, -0.05982640371455644
-1.630572514887762, -0.09507439290978692
-1.6251994840401054, -0.1301432619761294
-1.6190286132101206, -0.16501370178787647
-1.6120663369808164, -0.1996665876819045
-1.6043195688801628, -0.23408299202459984
-1.5957956955209105, -0.2682441966162241
-1.5865025704113058, -0.3021317049237368
-1.576448507441697, -0.33572725413317656
-1.565642274052235, -0.3690128270128835
-1.554093084087134, -0.40197066357897765
-1.5418105903411767, -0.4345832725546668
-1.5288048768043918, -0.4668334426151283
-1.5150864506110353, -0.49870425340985963
-1.50066623369925, -0.5301790863545979
-1.485555554187974, -0.5612416351850613
-1.4697661374778865, -0.5918759162649754
-1.453310097083387, -0.6220662786410055
-1.436199925202784, -0.6517974138374834
-1.4184484830340869, -0.6810543653839375
-1.4000689908439807, -0.7098225380686827
-1.3810750177976925, -0.7380877069119969
-1.3614804715577353, -0.7658360258524867
-1.341299587659564, -0.7930540361406518
-1.32054691867244, -0.8197286744337227
-1.299237323153913, -0.8458472805861688
-1.2773859544064516, -0.8713976051305248
-1.255008249044969, -0.8963678164433303
-1.2321199153840618, -0.9207465075913359
-1.2087369216539192, -0.9445227028533048
-1.184875484054046, -0.9676858639129902
-1.1605520546539279, -0.9902258957191996
-1.135783309150033, -1.012133152009
-1.1105861344885193, -1.0333984404904746
-1.0849776163631466, -1.054013027681683
-1.0589750265980467, -1.073968643402682
-1.0325958104249404, -1.0932574849178471
-1.0058575736646307, -1.1118722207258775
-0.9787780698225118, -1.1298059939952463
-0.951375187107978, -1.1470524256430792
-0.9236669353876803, -1.1636056170556994
-0.8956714330825004, -1.1794601524494317
-0.8674068940183097, -1.194611100870442
-0.8388916142404728, -1.2090540178327305
-0.8101439588021062, -1.2227849465936682
-0.7811823485361981, -1.2358004190666998
-0.7520252468215204, -1.248097456371188
-0.7226911463524645, -1.2596735690195773
-0.6931985559227477, -1.2705267567423943
-0.6635659872329973, -1.2806555079518498
-0.6338119417321919, -1.29005879884508
-0.6039548975028901, -1.2987360921483606
-0.5740132962000777, -1.3066873355038977
-0.5440055300535339, -1.3139129595010437
-0.5139499289434224, -1.3204138753541188
-0.483864747558847, -1.3261914722292127
-0.45376815264898485, -1.3312476142226757
-0.42367821037631254, -1.3355846369942401
-0.39361287378144644, -1.3392053440579685
-0.36358997036886226, -1.342113002734524
-0.3336271898228149, -1.3443113397684643
-0.3037420718625821, -1.3458045366145632
-0.2739519942460033, -1.3465972243973807
-0.24427416093029808, -1.3466944785485686
-0.2147255903988285, -1.3461018131266358
-0.18532310416250591, -1.344825174824134
-0.15608331544428367, -1.3428709366674751
-0.12702261805504428, -1.3402458914148014
-0.09815717546909752, -1.336957244657582
-0.0695029101072534, -1.333012607631806
-0.041075492835284666, -1.328419989744882
-0.01289033268550277, -1.3231877908245602
0.01503743319117945, -1.3173247930963883
0.042692949335323194, -1.310840152896442
0.070061651544153, -1.3037433921262425
0.09712927618494843, -1.296044389456973
0.12388186924994027, -1.2877533712903106
0.1503057951462763, -1.2788809024833294
0.1763877452147477, -1.2694378768451604
0.20211474597126428, -1.2594355074132055
0.22747416706528112, -1.2488853165168967
0.25245372894952356, -1.2377991256371628
0.2770415102557405, -1.2261890450698523
0.3012259548712848, -1.2140674634015873
0.32499587871169927, -1.2014470368065908
0.34834047618464675, -1.188340678173183
0.3712493263408072, -1.1747615460687777
0.3937123987075802, -1.1607230335523178
0.41572005880176127, -1.1462387568431547
0.4372630733174928, -1.1313225438555687
0.45833261498619693, -1.1159884226081138
0.47892026710531793, -1.1002506095171423
0.4990180277330779, -1.084123497583896
0.5186183135466441, -1.0676216444846383
0.5377139633614069, -1.050759760573359
0.556298241309326, -1.0335526968066555
0.5743648396745824, -1.0160154326004016
0.5919078813850146, -0.9981630636279349
0.608921922158158, -0.9800107895694112
0.6254019523008782, -0.9615739018221386
0.6413433981619814, -0.9428677711815826
0.6567421232373433, -0.9239078355028582
0.6715944289274678, -0.9047095873524584
0.6858970549475999, -0.8852885616599896
0.6996471793908225, -0.8656603233796651
0.7128424184448136, -0.845840455171302
0.7254808257632598, -0.8258445451104919
0.7375608914931227, -0.8056881744376754
0.749081540959306, -0.7853869053556671
0.7600421330084711, -0.7649562688852825
0.7704424580140518, -0.7444117527885319
0.7802827355447919, -0.7237687895688438
0.7895636116993601, -0.7030427445577119
0.7982861561098866, -0.6822489040970408
0.8064518586175154, -0.6614024638264044
0.8140626256233132, -0.640518517084351
0.8211207761181564, -0.6196120434327195
0.8276290373954219, -0.598697897312929
0.8335905404506133, -0.5777907968429645
0.8390088150722416, -0.5569053127637752
0.843887784628558, -0.5360558575435908
0.84823176055496, -0.5152566746485413
0.8520454365471106, -0.49452182798785643
0.8553338824650678, -0.47386519154174794
0.8581025379539223, -0.4533004391798882
0.8603572057866549, -0.4328410346783147
0.862104044935178, -0.41250022194235036
0.8633495633756854, -0.3922910154429803
0.8641006106346674, -0.3722261908739759
0.8643643700821522, -0.35231827603679955
0.8641483509789099, -0.3325795419602322
0.8634603802845573, -0.31302199426135713
0.8623085942336721, -0.2936573647544294
0.8607014296872262, -0.2744971033139103
0.8586476152667817, -0.25555236999770115
0.8561561622791021, -0.23683402743649418
0.8532363554389479, -0.21835263349481104
0.8498977433980043, -0.20011843420918507
0.846150129088038, -0.18214135700865886
0.8420035598864897, -0.1644310042225181
0.8374683176128858, -0.14699664688001668
0.8325549083645309, -0.12984721880653927
0.8272740522001022, -0.11299131102041793
0.8216366726798627, -0.09643716643442624
0.815653886271306, -0.08019267486563486
0.8093369916291571, -0.06426536835713159
0.8026974587587531, -0.04866241681484196
0.7957469180718793, -0.0333906239623758
0.7884971493442479, -0.01845642361665678
0.7809600705838498, -0.0038658762867289642
0.7731477268194934, 0.010375333902038153
0.7650722788188825, 0.024261901956447618
0.7567459917456263, 0.03778890443504268
0.7481812237646436, 0.05095180153732248
0.7393904146054147, 0.06374643886154052
0.7303860740925974, 0.0761690488302037
0.7211807706535148, 0.08821625178271408
0.7117871198120277, 0.09988505673486181
0.702217772678325, 0.11117286180511021
0.6924854044441624, 0.12207745430792416
0.6826027028930173, 0.13259701051465744
0.6725823569346847, 0.14273009508274692
0.6624370451737289, 0.15247566015429237
0.6521794245212292, 0.16183304412529576
0.641822118859183, 0.17080197008717013
0.6313777077668767, 0.17938254394234165
0.6208587153185093, 0.18757525219604743
0.6102775989612219, 0.1953809594267119
0.5996467384826943, 0.20280090543751045
0.5889784250773129, 0.2098367020920061
0.5782848505198688, 0.21649032983700633
0.5675780964556494, 0.22276413391601574
0.5568701238156634, 0.22866082027692458
0.5461727623656301, 0.23418345117782852
0.5354977003972807, 0.23933544049508276
0.5248564745703425, 0.24412054873797961
0.5142604599135068, 0.24854287777463768
0.5037208599924894, 0.2526068652739299
0.4932486972531755, 0.2563172788685283
0.4828548035477147, 0.25967921004433203
0.4725498108512089, 0.26269806776179194
0.46234414217656006, 0.26537957181484473
0.45224800269479737, 0.2677297459333864
0.4422713710680821, 0.2697549106354209
0.43242399100239604, 0.27146167583520564
0.4227153630267093, 0.2728569332139371
0.41315473650528045, 0.27394784835968383
0.403751101889504, 0.2747418526834703
0.3945131832155313, 0.2752466351185957
0.38544943085370054, 0.2754701336104289
0.3765680145155904, 0.2754205264041165
0.36787681652427784, 0.2751062231377666
0.35938342535320766, 0.2745358557488549
0.3510951294388014, 0.2737182692017317
0.34301891127175155, 0.27266251204424585
0.3351614417716965, 0.27137782680166644
0.3275290749497205, 0.269873640216166
0.3201278428629256, 0.2681595533402954
0.3129634508650305, 0.2662453314929652
0.30604127315675056, 0.2641408940865672
0.29936634863942735, 0.26185630433397544
0.29294337707516116, 0.25940175884425754
0.2867767155564104, 0.2567875771160031
0.28087037528779135, 0.25402419093726897
0.27522801868254976, 0.25112213370121983
0.2698529567759036, 0.2480920296465756
0.26474814695720383, 0.24494458303207456
0.2599161910226019, 0.2416905672541873
0.25535933354963813, 0.23834081391736536
0.25107946059489783, 0.23490620186614117
0.2470780987156347, 0.23139764618842765
0.243356414315965, 0.22782608719938505
0.2399152133179978, 0.22420247941523563
0.2367549411579769, 0.22053778052640988
0.23387568310725038, 0.21684294037940216
0.2312771649176225, 0.21312888997671134
0.22895875379036246, 0.20940653050421842
0.22691945966788962, 0.20568672239533808
0.22515793684688035, 0.20198027444122035
0.2236724859112862, 0.19829793295628326
0.22246105598347932, 0.19465037100826077
0.2215212472914868, 0.19104817772193597
0.2208503140500161, 0.18750184766563208
0.2204451676527056, 0.18402177032950406
0.22030238017279147, 0.18061821970454572
0.22041818816911718, 0.17730134397119218
0.22078849679416923, 0.17408115530627333
0.22140888420056115, 0.1709675198169912
0.22227460624216722, 0.1679701476104673
0.22338060146582817, 0.16509858300733304
0.2247214963893458, 0.16236219490767545
0.22629161106122586, 0.1597701673175485
0.22808496489741226, 0.1573314900441095
0.23009528279000602, 0.15505494956733085
0.23231600148276632, 0.15294912009604922
0.2347402762079428, 0.1510223548160039
0.23736098757879054, 0.14928277733732848
0.24017074873190625, 0.14773827334880518
0.24316191271330467, 0.14639648248603376
0.2463265801019776, 0.14526479042045604
0.24965660686445124, 0.14435032117604185
0.2531436124336857, 0.14365992968022134
0.2567789880054808, 0.14320019455545918
0.2605539050453471, 0.14297741115768647
0.26445932399864736, 0.1429975848675874
0.2684860031966476, 0.14326642464053063
0.2726245079509233, 0.14378933682073636
0.27686521982846063, 0.14457141922503314
0.28119834609957645, 0.14561745550136285
0.28561392935071606, 0.14693190976692871
0.2901018572539698, 0.14851892153070245
0.2946518724850673, 0.15038230090472537
0.2992535827814855, 0.15252552410843223
0.30389647113215257, 0.15495172926997103
0.3085699060901533, 0.1576637125282565
0.31326315219972556, 0.16066392443924304
0.31796538052874007, 0.16395446668965719
0.32266567929775547, 0.16753708912117304
0.32735306459667796, 0.17141318706776731
0.33201649117997767, 0.17558379900871712
0.33664486333131705, 0.18004960453947316
0.34122704578841934, 0.18481092266234656
0.345751874718934, 0.18986771039870864
0.3502081687380264, 0.19521956172413613
0.3545847399583446, 0.2008657068276518
0.35887040506303847, 0.20680501169597398
0.3630539963924295, 0.21303597802339003
0.3671243730349512, 0.219556743447622
0.3710704319129507, 0.2263650821117863
0.37488111885396647, 0.2334584055522546
0.37854543963806264, 0.24083376391199873
0.38205247101185413, 0.24848784747868857
0.3853913716598585, 0.25641698854657435
0.38855139312385667, 0.2646171636009209
0.3915218906609491, 0.27308399582346055
0.3942923340310819, 0.28181275791711546
0.3968523182048381, 0.29079837524794205
0.3991915739823516, 0.30003542930198945
0.4012999785142968, 0.3095181614545398
0.4031675657159254, 0.31924047704888303
0.4047845365652841, 0.3291959497815773
0.40614126927674604, 0.33937782639086644
0.4072283293411486, 0.34977903164465796
0.4080364794239178, 0.36039217362427256
0.40855668911265136, 0.37120954929986383
0.40878014450577, 0.382223150393208
0.4086982576339661, 0.3934246695233313
0.4083026757062969, 0.40480550663015347
0.40758529017292927, 0.416356775671174
0.4065382455966513, 0.4280693115859193
0.40515394832547513, 0.43993367752271173
0.40342507495873325, 0.45194017232207007
0.4013445805993007, 0.4640788382508225
0.3989057068847115, 0.47633946898085056
0.3961019897901168, 0.4887116178061389
0.39292726719621374, 0.5011846060915981
0.38937568621546376, 0.5137475319469904
0.38544171027010077, 0.5263892791190211
0.38112012591563826, 0.5390985260945301
0.37640604940377337, 0.5518637554075358
0.37129493297880845, 0.5646732631426614
0.36578257090189403, 0.5775151686273776
0.35986510519766457, 0.5903774243052908
0.3535390311179915, 0.6032478257825338
0.346801202317859, 0.6161140220392425
0.3396488357385753, 0.6289635257978582
0.3320795161937582, 0.6417837240399624
0.3240912006537875, 0.6545618886631321
0.31568222222464987, 0.667285187269241
0.3068512938173285, 0.6799406940754976
0.29759751150418673, 0.6925154009393982
0.28792035755897133, 0.7049962284886776
0.2778197031773926, 0.7173700373472285
0.2672958108754296, 0.7296236394479146
0.25634933656280506, 0.7417438094230816
0.24498133128932725, 0.7537172960635043
0.23319324266205044, 0.7655308338364589
0.22098691593146425, 0.777171154453556
0.20836459474522429, 0.7886249984788711
0.1953289215681443, 0.7998791269679484
0.18188293776749742, 0.8109203331281163
0.16803008336291259, 0.8217354539906367
0.15377419644040435, 0.8323113820850961
0.1391195122304092, 0.8426350771064709
0.1240706618498848, 0.8526935775653238
0.10863267070888172, 0.8624740124115305
0.09281095658221938, 0.8719636126219856
0.07661132734716225, 0.881149722742767
0.06003997838832409, 0.8900198123762021
0.04310348967120092, 0.8985614876033972
0.025808822486109717, 0.9067625023327496
0.008163315864470277, 0.9146107695650707
-0.009825317330266037, 0.9220943725659823
-0.0281489946345701, 0.9292015759362984
-0.046799268536835026, 0.9359208365711882
-0.06576733134644275, 0.9422408144990166
-0.08504402037653025, 0.9481503835907857
-0.10461982343696663, 0.9536386421312666
-0.12448488463367813, 0.9586949232429419
-0.1446290104702853, 0.9633088051540335
-0.16504167624776567, 0.9674701213019915
-0.185712032757542, 0.971168970263923
-0.20662891326326338, 0.9743957255055913
-0.2277808407662154, 0.9771410449407534
-0.2491560355490966, 0.9793958802927012
-0.27074242299271545, 0.981151486250086
-0.2925276416598287, 0.9823994294091976
-0.31449905164025915, 0.9831315969950805
-0.3366437431510698, 0.9833402053539922
-0.3589485453855089, 0.9830178082099208
-0.38140003560407865, 0.9821573046780241
-0.40398454846104287, 0.9807519470280643
-0.4266881855593248, 0.9787953481910843
-0.4494968252267146, 0.9762814890027649
-0.472396132505988, 0.9732047251771392
-0.49537156935146237, 0.9695597940044814
-0.5184084050242564, 0.9653418207674627
-0.5414917266784077, 0.960546324869846
-0.5646064501298549, 0.9551692256722228
-0.5877373308000368, 0.9492068480295203
-0.610868974825866, 0.9426559275252349
-0.6339858503275217, 0.9355136153975789
-0.6570722988255217, 0.9277774831529868
-0.6801125467983136, 0.9194455268626194
-0.703090717371498, 0.9105161711378128
-0.7259908421297767, 0.9009882727806122
-0.7487968730424601, 0.890861124105825
-0.7714926944934356, 0.8801344559312412
-0.7940621354062308, 0.868808440232976
-0.8164889814548939, 0.8568836924630912
-0.8387569873511552, 0.8443612735269794
-0.8608498891984422, 0.8312426914181922
-0.8827514169030748, 0.8175299025087295
-0.9044453066330741, 0.8032253124930048
-0.9259153133148587, 0.7883317769840408
-0.9471452231580733, 0.7728526017606726
-0.9681188661988457, 0.7567915426648109
-0.9888201288515932, 0.7401528051481417
-1.0092329664596484, 0.7229410434678305

Earth positions:
0.0, 0.0
0.0, 0.0
0.0, 0.0
0.0, 0.0
0.0, 0.0
0.0, 0.0
0.0, 0.0
0.0, 0.0
0.0, 0.0
0.0, 0.0
0.0, 0.0
0.0, 0.0
0.0, 0.0
0.0, 0.0
0.0, 0.0
0.0, 0.0
0.0, 0.0
0.0, 0.0
0.0, 0.0
0.0, 0.0
0.0, 0.0
0.0, 0.0
0.0, 0.0
0.0, 0.0
0.0, 0.0
0.0, 0.0
0.0, 0.0
0.0, 0.0
0.0, 0.0
0.0, 0.0
0.0, 0.0
0.0, 0.0
0.0, 0.0
0.0, 0.0
0.0, 0.0
0.0, 0.0
0.0, 0.0
0.0, 0.0
0.0, 0.0
0.0, 0.0
0.0, 0.0
0.0, 0.0
0.0, 0.0
0.0, 0.0
0.0, 0.0
0.0, 0.0
0.0, 0.0
0.0, 0.0
0.0, 0.0
0.0, 0.0
0.0, 0.0
0.0, 0.0
0.0, 0.0
0.0, 0.0
0.0, 0.0
0.0, 0.0
0.0, 0.0
0.0, 0.0
0.0, 0.0
0.0, 0.0
0.0, 0.0
0.0, 0.0
0.0, 0.0
0.0, 0.0
0.0, 0.0
0.0, 0.0
0.0, 0.0
0.0, 0.0
0.0, 0.0
0.0, 0.0
0.0, 0.0
0.0, 0.0
0.0, 0.0
0.0, 0.0
0.0, 0.0
0.0, 0.0
0.0, 0.0
0.0, 0.0
0.0, 0.0
0.0, 0.0
0.0, 0.0
0.0, 0.0
0.0, 0.0
0.0, 0.0
0.0, 0.0
0.0, 0.0
0.0, 0.0
0.0, 0.0
0.0, 0.0
0.0, 0.0
0.0, 0.0
0.0, 0.0
0.0, 0.0
0.0, 0.0
0.0, 0.0
0.0, 0.0
0.0, 0.0
0.0, 0.0
0.0, 0.0
0.0, 0.0
0.0, 0.0
0.0, 0.0
0.0, 0.0
0.0, 0.0
0.0, 0.0
0.0, 0.0
0.0, 0.0
0.0, 0.0
0.0, 0.0
0.0, 0.0
0.0, 0.0
0.0, 0.0
0.0, 0.0
0.0, 0.0
0.0, 0.0
0.0, 0.0
0.0, 0.0
0.0, 0.0
0.0, 0.0
0.0, 0.0
0.0, 0.0
0.0, 0.0
0.0, 0.0
0.0, 0.0
0.0, 0.0
0.0, 0.0
0.0, 0.0
0.0, 0.0
0.0, 0.0
0.0, 0.0
0.0, 0.0
0.0, 0.0
0.0, 0.0
0.0, 0.0
0.0, 0.0
0.0, 0.0
0.0, 0.0
0.0, 0.0
0.0, 0.0
0.0, 0.0
0.0, 0.0
0.0, 0.0
0.0, 0.0
0.0, 0.0
0.0, 0.0
0.0, 0.0
0.0, 0.0
0.0, 0.0
0.0, 0.0
0.0, 0.0
0.0, 0.0
0.0, 0.0
0.0, 0.0
0.0, 0.0
0.0, 0.0
0.0, 0.0
0.0, 0.0
0.0, 0.0
0.0, 0.0
0.0, 0.0
0.0, 0.0
0.0, 0.0
0.0, 0.0
0.0, 0.0
0.0, 0.0
0.0, 0.0
0.0, 0.0
0.0, 0.0
0.0, 0.0
0.0, 0.0
0.0, 0.0
0.0, 0.0
0.0, 0.0
0.0, 0.0
0.0, 0.0
0.0, 0.0
0.0, 0.0
0.0, 0.0
0.0, 0.0
0.0, 0.0
0.0, 0.0
0.0, 0.0
0.0, 0.0
0.0, 0.0
0.0, 0.0
0.0, 0.0
0.0, 0.0
0.0, 0.0
0.0, 0.0
0.0, 0.0
0.0, 0.0
0.0, 0.0
0.0, 0.0
0.0, 0.0
0.0, 0.0
0.0, 0.0
0.0, 0.0
0.0, 0.0
0.0, 0.0
0.0, 0.0
0.0, 0.0
0.0, 0.0
0.0, 0.0
0.0, 0.0
0.0, 0.0
0.0, 0.0
0.0, 0.0
0.0, 0.0
0.0, 0.0
0.0, 0.0
0.0, 0.0
0.0, 0.0
0.0, 0.0
0.0, 0.0
0.0, 0.0
0.0, 0.0
0.0, 0.0
0.0, 0.0
0.0, 0.0
0.0, 0.0
0.0, 0.0
0.0, 0.0
0.0, 0.0
0.0, 0.0
0.0, 0.0
0.0, 0.0
0.0, 0.0
0.0, 0.0
0.0, 0.0
0.0, 0.0
0.0, 0.0
0.0, 0.0
0.0, 0.0
0.0, 0.0
0.0, 0.0
0.0, 0.0
0.0, 0.0
0.0, 0.0
0.0, 0.0
0.0, 0.0
0.0, 0.0
0.0, 0.0
0.0, 0.0
0.0, 0.0
0.0, 0.0
0.0, 0.0
0.0, 0.0
0.0, 0.0
0.0, 0.0
0.0, 0.0
0.0, 0.0
0.0, 0.0
0.0, 0.0
0.0, 0.0
0.0, 0.0
0.0, 0.0
0.0, 0.0
0.0, 0.0
0.0, 0.0
0.0, 0.0
0.0, 0.0
0.0, 0.0
0.0, 0.0
0.0, 0.0
0.0, 0.0
0.0, 0.0
0.0, 0.0
0.0, 0.0
0.0, 0.0
0.0, 0.0
0.0, 0.0
0.0, 0.0
0.0, 0.0
0.0, 0.0
0.0, 0.0
0.0, 0.0
0.0, 0.0
0.0, 0.0
0.0, 0.0
0.0, 0.0
0.0, 0.0
0.0, 0.0
0.0, 0.0
0.0, 0.0
0.0, 0.0
0.0, 0.0
0.0, 0.0
0.0, 0.0
0.0, 0.0
0.0, 0.0
0.0, 0.0
0.0, 0.0
0.0, 0.0
0.0, 0.0
0.0, 0.0
0.0, 0.0
0.0, 0.0
0.0, 0.0
0.0, 0.0
0.0, 0.0
0.0, 0.0
0.0, 0.0
0.0, 0.0
0.0, 0.0
0.0, 0.0
0.0, 0.0
0.0, 0.0
0.0, 0.0
0.0, 0.0
0.0, 0.0
0.0, 0.0
0.0, 0.0
0.0, 0.0
0.0, 0.0
0.0, 0.0
0.0, 0.0
0.0, 0.0
0.0, 0.0
0.0, 0.0
0.0, 0.0
0.0, 0.0
0.0, 0.0
0.0, 0.0
0.0, 0.0
0.0, 0.0
0.0, 0.0
0.0, 0.0
0.0, 0.0
0.0, 0.0
0.0, 0.0
0.0, 0.0
0.0, 0.0
0.0, 0.0
0.0, 0.0
0.0, 0.0
0.0, 0.0
0.0, 0.0
0.0, 0.0
0.0, 0.0
0.0, 0.0
0.0, 0.0
0.0, 0.0
0.0, 0.0
0.0, 0.0
0.0, 0.0
0.0, 0.0
0.0, 0.0
0.0, 0.0
0.0, 0.0
0.0, 0.0
0.0, 0.0
0.0, 0.0
0.0, 0.0
0.0, 0.0
0.0, 0.0
0.0, 0.0
0.0, 0.0
0.0, 0.0
0.0, 0.0
0.0, 0.0
0.0, 0.0
0.0, 0.0
0.0, 0.0
0.0, 0.0
0.0, 0.0
0.0, 0.0
0.0, 0.0
0.0, 0.0
0.0, 0.0
0.0, 0.0
0.0, 0.0
0.0, 0.0
0.0, 0.0
0.0, 0.0
0.0, 0.0
0.0, 0.0
0.0, 0.0
0.0, 0.0
0.0, 0.0
0.0, 0.0
0.0, 0.0
0.0, 0.0
0.0, 0.0
0.0, 0.0
0.0, 0.0
0.0, 0.0
0.0, 0.0
0.0, 0.0
0.0, 0.0
0.0, 0.0
0.0, 0.0
0.0, 0.0
0.0, 0.0
0.0, 0.0
0.0, 0.0
0.0, 0.0
0.0, 0.0
0.0, 0.0
0.0, 0.0
0.0, 0.0
0.0, 0.0
0.0, 0.0
0.0, 0.0
0.0, 0.0
0.0, 0.0
0.0, 0.0
0.0, 0.0
0.0, 0.0
0.0, 0.0
0.0, 0.0
0.0, 0.0
0.0, 0.0
0.0, 0.0
0.0, 0.0
0.0, 0.0
0.0, 0.0
0.0, 0.0
0.0, 0.0
0.0, 0.0
0.0, 0.0
0.0, 0.0
0.0, 0.0
0.0, 0.0
0.0, 0.0
0.0, 0.0
0.0, 0.0
0.0, 0.0
0.0, 0.0
0.0, 0.0
0.0, 0.0
0.0, 0.0
0.0, 0.0
0.0, 0.0
0.0, 0.0
0.0, 0.0
0.0, 0.0
0.0, 0.0
0.0, 0.0
0.0, 0.0
0.0, 0.0
0.0, 0.0
0.0, 0.0
0.0, 0.0
0.0, 0.0
0.0, 0.0
0.0, 0.0
0.0, 0.0
0.0, 0.0
0.0, 0.0
0.0, 0.0
0.0, 0.0
0.0, 0.0
0.0, 0.0
0.0, 0.0
0.0, 0.0
0.0, 0.0
0.0, 0.0
0.0, 0.0
0.0, 0.0
0.0, 0.0
0.0, 0.0
0.0, 0.0
0.0, 0.0
0.0, 0.0
0.0, 0.0
0.0, 0.0
0.0, 0.0
0.0, 0.0
0.0, 0.0
0.0, 0.0
0.0, 0.0
0.0, 0.0
0.0, 0.0
0.0, 0.0
0.0, 0.0
0.0, 0.0
0.0, 0.0
0.0, 0.0
0.0, 0.0
0.0, 0.0
0.0, 0.0
0.0, 0.0
0.0, 0.0
0.0, 0.0
0.0, 0.0
0.0, 0.0
0.0, 0.0
0.0, 0.0
0.0, 0.0
0.0, 0.0
0.0, 0.0
0.0, 0.0
0.0, 0.0
0.0, 0.0
0.0, 0.0
0.0, 0.0
0.0, 0.0
0.0, 0.0
0.0, 0.0
0.0, 0.0
0.0, 0.0
0.0, 0.0
0.0, 0.0
0.0, 0.0
0.0, 0.0
0.0, 0.0
0.0, 0.0
0.0, 0.0
0.0, 0.0
0.0, 0.0
0.0, 0.0
0.0, 0.0
0.0, 0.0
0.0, 0.0
0.0, 0.0
0.0, 0.0
0.0, 0.0
0.0, 0.0
0.0, 0.0
0.0, 0.0
0.0, 0.0
0.0, 0.0
0.0, 0.0
0.0, 0.0
0.0, 0.0
0.0, 0.0
0.0, 0.0
0.0, 0.0
0.0, 0.0
0.0, 0.0
0.0, 0.0
0.0, 0.0
0.0, 0.0
0.0, 0.0
0.0, 0.0
0.0, 0.0
0.0, 0.0
0.0, 0.0
0.0, 0.0
0.0, 0.0
0.0, 0.0
0.0, 0.0
0.0, 0.0
0.0, 0.0
0.0, 0.0
0.0, 0.0
0.0, 0.0
0.0, 0.0
0.0, 0.0
0.0, 0.0
0.0, 0.0
0.0, 0.0
0.0, 0.0
0.0, 0.0
0.0, 0.0
0.0, 0.0
0.0, 0.0
0.0, 0.0
0.0, 0.0
0.0, 0.0
0.0, 0.0
0.0, 0.0
0.0, 0.0
0.0, 0.0
0.0, 0.0
0.0, 0.0
0.0, 0.0
0.0, 0.0
0.0, 0.0
0.0, 0.0
0.0, 0.0
0.0, 0.0
0.0, 0.0
0.0, 0.0
0.0, 0.0
0.0, 0.0
0.0, 0.0
0.0, 0.0
0.0, 0.0
0.0, 0.0
0.0, 0.0
0.0, 0.0
0.0, 0.0
0.0, 0.0
0.0, 0.0
0.0, 0.0
0.0, 0.0
0.0, 0.0
0.0, 0.0
0.0, 0.0
0.0, 0.0
0.0, 0.0
0.0, 0.0
0.0, 0.0
0.0, 0.0
0.0, 0.0
0.0, 0.0
0.0, 0.0
0.0, 0.0
0.0, 0.0
0.0, 0.0
0.0, 0.0
0.0, 0.0
0.0, 0.0
0.0, 0.0
0.0, 0.0
0.0, 0.0
0.0, 0.0
0.0, 0.0
0.0, 0.0
0.0, 0.0
0.0, 0.0
0.0, 0.0
0.0, 0.0
0.0, 0.0
0.0, 0.0
0.0, 0.0
0.0, 0.0
0.0, 0.0
0.0, 0.0
0.0, 0.0
0.0, 0.0
0.0, 0.0
0.0, 0.0
0.0, 0.0
0.0, 0.0
0.0, 0.0
0.0, 0.0
0.0, 0.0
0.0, 0.0
0.0, 0.0
0.0, 0.0
0.0, 0.0
0.0, 0.0
0.0, 0.0
0.0, 0.0
0.0, 0.0
0.0, 0.0
0.0, 0.0
0.0, 0.0
0.0, 0.0
0.0, 0.0
0.0, 0.0
0.0, 0.0
0.0, 0.0
0.0, 0.0
0.0, 0.0
0.0, 0.0
0.0, 0.0
0.0, 0.0
0.0, 0.0
0.0, 0.0
0.0, 0.0
0.0, 0.0
0.0, 0.0
0.0, 0.0
0.0, 0.0
0.0, 0.0
0.0, 0.0
0.0, 0.0
0.0, 0.0
0.0, 0.0
0.0, 0.0
0.0, 0.0
0.0, 0.0
0.0, 0.0
0.0, 0.0
0.0, 0.0
0.0, 0.0
0.0, 0.0
0.0, 0.0
0.0, 0.0
0.0, 0.0
0.0, 0.0
0.0, 0.0
0.0, 0.0
0.0, 0.0
0.0, 0.0
0.0, 0.0
0.0, 0.0
0.0, 0.0
0.0, 0.0
0.0, 0.0
0.0, 0.0
0.0, 0.0
0.0, 0.0
0.0, 0.0
0.0, 0.0
0.0, 0.0
0.0, 0.0
0.0, 0.0
0.0, 0.0
0.0, 0.0
0.0, 0.0
0.0, 0.0
0.0, 0.0
0.0, 0.0
0.0, 0.0
0.0, 0.0
0.0, 0.0
0.0, 0.0
0.0, 0.0
0.0, 0.0
0.0, 0.0
0.0, 0.0
0.0, 0.0
0.0, 0.0
0.0, 0.0
0.0, 0.0
0.0, 0.0
0.0, 0.0
0.0, 0.0
0.0, 0.0
0.0, 0.0
0.0, 0.0
0.0, 0.0
0.0, 0.0
0.0, 0.0
0.0, 0.0
0.0, 0.0
0.0, 0.0
0.0, 0.0
0.0, 0.0
0.0, 0.0
0.0, 0.0
0.0, 0.0
0.0, 0.0
0.0, 0.0
0.0, 0.0
0.0, 0.0

Moon positions:
0.002569999999999961, 0.0
0.0025020574719086808, 0.0005870335657062013
0.00230182225115505, 0.001143028575359084
0.001979881487241597, 0.001638587591945448
0.0015532573353405077, 0.0020475086447218765
0.0010445069343036906, 0.0023481706207581082
0.00048052973036760704, 0.002524676450207597
-0.00010885479240441143, 0.002567693641027019
-0.0006924837744831658, 0.002474947721079701
-0.0012394986722812362, 0.002251342497580716
-0.0017209768592930663, 0.0019087007753385565
-0.0021114608684005276, 0.0014651392429436416
-0.0023903044188582356, 0.0009441105788978721
-0.0025427640587127875, 0.0003731634249470317
-0.002560778703634692, -0.00021751420875640304
-0.002443395855165731, -0.0007966910913013714
-0.002196821962706319, -0.0013337440774643383
-0.0018340942664237803, -0.0018002772624991503
-0.0013743914719166472, -0.0021716233747873237
-0.0008420197037215527, -0.0024281480223710683
-0.0002651273539128196, -0.002556287833207993
0.00032578322367105006, -0.0025492675989731706
0.0008994684815459841, -0.002407458504461779
0.0014255956362499989, -0.0021383585017262785
0.001876346470671697, -0.0017561958666384436
0.002227888182297577, -0.0012811768992526673
0.0024616335083904595, -0.0007384175447326946
0.002565223500791358, -0.00015661542385003724
0.0025331809875401845, 0.00043346751246797766
0.0023672001704708734, 0.0010006314770797942
0.002076057046724533, 0.0015148884905316629
0.0016751453905143876, 0.0019490479523702753
0.0011856628294387717, 0.0022801543050607886
0.0006334900503897067, 0.0024907007760984756
4.782239543077438e-05, 0.002569555023441805
-0.0005403737999521985, 0.0025125477420986364
-0.0010999985073328888, 0.002322693110134333
-0.0016014623746474221, 0.0020100294183390544
-0.002018251220657352, 0.0015910883100302975
-0.0023283279341731467, 0.0010880206941730197
-0.002515297654635984, 0.0005274255479049694
-0.002569274626804452, -6.105646614862348e-05
-0.0024874048958556383, -0.0006463102073102078
-0.002274017206143286, -0.0011973912251908025
-0.0019403941250625278, -0.0016851619030296972
-0.00150417549351467, -0.0020838320673004507
-0.0009884257446731715, -0.0023723226060692326
-0.0004204144052296632, -0.0025353799967411383
0.00016982574163582065, -0.0025643828141441727
0.000751086596500028, -0.0024577975759931814
0.0012926348270984045, -0.0022212598235623604
0.0017658368490959253, -0.0018672761505398316
0.0021456727857049884, -0.0014145629348618627
0.002412059357709051, -0.0008870567371304094
0.002550911757986163, -0.00031264868937475043
0.002554888365442154, 0.00027829020846692476
0.002423778922672981, 0.0008545149115176676
0.0021645156530238907, 0.0013855583668017646
0.001790806729242922, 0.001843342414880711
0.0013224114735492787, 0.002203662382177729
0.000784095611871316, 0.0024474668683036604
0.00020432182168306223, 0.002561865061470714
-0.00038625519115842444, 0.002540808321637611
-0.0009564095159254604, 0.0023854099936587714
-0.001475995062169111, 0.0021038865407745355
-0.0019175394909232701, 0.0017111231109273595
-0.002257696775141871, 0.0012278865059581756
-0.0024784815873241106, 0.000679727166806865
-0.0025682202478562455, 9.562823067088555e-05
-0.0025221679540423647, -0.0004935269107168017
-0.002342759654727744, -0.0010565875260383217
-0.002039481305878166, -0.001563782594535934
-0.0016283683142921945, -0.0019882949059455424
-0.0011311576885141839, -0.0023076789819459487
-0.0005741387257497954, -0.0025050478485638683
1.3236996938781331e-05, -0.002569965910651728
0.000599912832439542, -0.002499000718982347
0.0011548691391695676, -0.0022959044560681985
0.0016487634000398876, -0.001971415544903987
0.0020554816658727715, -0.001542690870285024
0.002353519292931594, -0.0010323986331832735
0.0025271179700500634, -0.00046751980220105516
0.0025670989166859393, 0.00012207846636425046
0.0024713481977498286, 0.0007052220114819319
0.002244928494884571, 0.0012510779563461583
0.0018998114244499764, 0.0017307849524217378
0.001454244555514364, 0.0021189791817658454
0.0009317865958669569, 0.00239513543244696
0.00036006175920417355, 0.0025446523396248644
-0.00023070082546585574, 0.0025596244117309652
-0.0008092654355717835, 0.002439260021971479
-0.0013450412989153275, 0.0021899232644575495
-0.0018097000367837974, 0.0018247974618748053
-0.0021786734862585116, 0.001363188116246028
-0.0024324527065177834, 0.0008295021582577222
-0.0025576194860429807, 0.0002519574658811363
-0.0025475558112667968, -0.00033890911536982316
-0.0024027937845286645, -0.000911856364253949
-0.0021309874899283765, -0.0014365905184737793
-0.0017465082946303279, -0.0018853670138165857
-0.0012696849834804569, -0.0022344574381097937
-0.0007257289037257697, -0.002465404136910765
-0.00014340095126444408, -0.002565996135456272
0.00044650912038723956, -0.0025309147764022155
0.00101281066405845, -0.002362014936186818
0.001525561299563133, -0.002068226951104535
0.0019576500740168257, -0.0016650844386102426
0.002286230914504195, -0.0011739029796219436
0.0024939305813480583, -0.0006206530878171135
0.002569767253187305, -3.458705604808543e-05
0.0025097311749971984, 0.0005533077165981171
0.002316996668123239, 0.001111947138988989
0.0020017542926022425, 0.0016117939545886584
0.0015806720359474724, 0.002026419481443442
0.0010760140172650923, 0.0023339009907553665
0.0005144633039564916, 0.0025179808396574854
-7.428891711935837e-05, 0.002568926070713795
-0.0006591132184767812, 0.0024840430280550496
-0.0012090878557394769, 0.002267819780560898
-0.0016951337104314512, 0.001931688821668498
-0.002091551806571279, 0.0014934225927139
-0.002377382107090653, 0.0009761937906406226
-0.0025375117456685192, 0.00040735014495396626
-0.0025634740978168757, -0.00018303155416965478
-0.002453896441481085, -0.0007637357229346442
-0.002214572537745707, -0.0013040584630539254
-0.0018581562940445107, -0.001775430986240445
-0.0014034927069923597, -0.0021529301478262486
-0.000874621460274283, -0.0024165962222157944
-0.0002995058609227552, -0.0025524882446884556
0.0002914456803503329, -0.0025534211198713352
0.0008669874501648911, -0.0024193455233298966
0.00139668850465835, -0.002157350509526701
0.0018525416619046275, -0.0017812886882556667
0.002210444341404494, -0.0013110437878091075
0.0024514729533867685, -0.000771479331423186
0.002562883456419307, -0.000191124014222388
0.002538785180282499, 0.0003993367105310508
0.002380452286691259, 0.0009686830806752145
0.002096256399824914, 0.0014868117252002655
0.0017012239687316244, 0.0019263273367247091
0.0012162417654321134, 0.002263991158997447
0.0006669525268689913, 0.0024819497027342985
8.239913204721727e-05, 0.0025686787232034325
-0.000506510998450671, 0.0025195925481015236
-0.0010686400879051927, 0.002337286538386385
-0.0015742663686499903, 0.0020313998622963902
-0.0019966555778186956, 0.001618105838184114
-0.0023134744930696227, 0.0011192567935538467
-0.0025079717696170345, 0.0005612286546533563
-0.0025698636435113054, -2.6473642717572687e-05
-0.002495877670876445, -0.0006127761842799062
-0.0022899257536765916, -0.0011666790658312332
-0.001962897303522615, -0.0016588954686247992
-0.00153208347968381, -0.0020634001578171413
-0.0010202629438944566, -0.0023588055293550236
-0.0004544974713532879, -0.002529492448799464
0.00013529890174424075, -0.002566436090610247
0.0007179415398748112, -0.0024676831128251364
0.001262624050969663, -0.0022384549372084783
0.001740547130117731, -0.0018908716740802523
0.0021264412814195888, -0.0014433112889029043
0.0023999029062644617, -0.0009194378937716352
0.0025464731142804675, -0.00034695054149969096
0.0025584022163814835, 0.00024388132198793766
0.002435059478439361, 0.0008218183111018962
0.0021829664704445806, 0.0013563028382019282
0.0018154522478658341, 0.0018190748021230663
0.0013519485969998302, 0.002185665800407355
0.0008169626072002112, 0.002436692860915496
0.00023878089375151124, 0.002558883288620112
-0.00035202601625861085, 0.0025457764402785077
-0.0009242200566200731, 0.00239806532165851
-0.0014475472898536346, 0.0021235599458544474
-0.0018943375406713647, 0.001736774390070056
-0.0022409674167253035, 0.0012581593846471423
-0.0024691093615243354, 0.0007130210100921158
-0.002566700697641866, 0.00013018267444152298
-0.0025285814234470294, -0.00045953888301082657
-0.0023567670407745878, -0.0010249629825114306
-0.0020603419881625173, -0.0015361936374736693
-0.0016549793142209834, -0.001966200261799545
-0.0011621119877136543, -0.0022922468732691067
-0.0006077996601400182, -0.002497094225922137
-2.1350799116470753e-05, -0.0025699113104107503
0.0005662269547230814, -0.002506848028051359
0.0011238662721602122, -0.0023112387592589406
0.0016220827757706946, -0.0019934260629750206
0.0020345339840044385, -0.001570213828728767
0.0023394121320351458, -0.0010639787951302049
0.0025205972259819687, -0.0005014874119778079
0.002568509364416549, 8.751939730350378e-05
0.0024806152618827015, 0.0006718987442425883
0.002261562192722999, 0.001220752410788506
0.0019229322731281195, 0.0017050605481807313
0.001482630073389557, 0.0020992160597425313
0.0009639359394796321, 0.0023823785393131125
0.0003942750782184312, 0.0025395761777697867
-0.0001962325111186658, 0.002562497375916739
-0.0007763645884719672, 0.002449930208346107
-0.0013154475040655367, 0.002207826502252319
-0.0017849780235520418, 0.0018489871431235927
-0.0021601303955618434, 0.0013923852463200714
-0.0024210689776251737, 0.0008621629808691078
-0.002553997017257892, 0.00028635508697688605
-0.0025518861354197897, -0.00030459342056587957
-0.0024148479419541236, -0.0008794369887831777
-0.002150128134377538, -0.001407781590218482
-0.001771723392038571, -0.0018616917634515784
-0.0012996413218134828, -0.0022171676604701984
-0.0007588425846499769, -0.002455414004138956
-0.00017792113649472974, -0.0025638338614638045
0.0004124076360296769, -0.0025366946883187413
0.0009809309475455885, -0.0023754314294770484
0.0014975889450853375, -0.002088570647969079
0.0019350640796129692, -0.0016912796953170162
0.002270225482165822, -0.0012045647596227171
0.0024853519753058606, -0.0006541601935637908
0.002569069054905726, -6.916784748356442e-05
0.002516950300706977, 0.000519481649118525
0.0023317514169283182, 0.0010806643001657346
0.0020232645283664308, 0.0015847083795620387
0.001607800435870943, 0.0020049632810635876
0.0011073262061930267, 0.002319208630778613
0.0005483036949038844, 0.0025108291575005603
-3.9709586185598944e-05, 0.002569693201291745
-0.0006256232799795036, 0.002492688410441146
-0.0011784580420423074, 0.002283886302587246
-0.001668983528909762, 0.0019543269890751613
-0.0020712639104879527, 0.0015214354449368805
-0.0023640291897916166, 0.0010081001883808227
-0.002531799823464076, 0.0004414630832894062
-0.0025657051803837927, -0.0001485157478233745
-0.0024639525635353765, -0.0007306420222292775
-0.0022319219962873005, -0.0012741366498492113
-0.001881881761389148, -0.001750263133403318
-0.0014323397331543752, -0.002133846969402331
-0.0009070648002066362, -0.0024046067138362437
-0.0003338301196568194, -0.0025482263343764577
0.0002570553486614946, -0.0025571121500091998
0.0008343493848805839, -0.0024307943360040163
0.0013675283965703944, -0.0021759517652222282
0.0018284013098168739, -0.0018060588723128879
0.002192600131736999, -0.001340673212347765
0.002440868373078553, -0.0008044013832066987
0.002560079207412358, -0.00022559798708099432
0.002543929533212641, 0.0003651335783634302
0.0023932732412911273, 0.0009365592306521675
0.002116076066547401, 0.0014584656597209644
0.0017269944111852897, 0.001903257813259951
0.0012466004085115445, 0.00224741794544292
0.0007002942009553537, 0.002472749083936354
0.00011696094404467505, 0.002567337168657091
-0.0004725564546764205, 0.002526180990575222
-0.0010370881100538742, 0.002351456623453818
-0.0015467852222013634, 0.002052402367076045
-0.001974698288893184, 0.001644830285422283
-0.0022982020217601207, 0.001150290166513468
-0.002500191625893322, 0.0005949301083428837
-0.0025699871912904793, 8.113975776602445e-06
-0.0025038983777471713, -0.0005791311715968028
-0.002305419536291181, -0.0011357555906474914
-0.001985044950394227, -0.0016323285652448671
-0.0015597139658166392, -0.0020425945130730927
-0.001051915347046961, -0.0023448612118091017
-0.0004884982162022544, -0.0025231467442000666
0.00010074755571395921, -0.0025680245189674267
0.000684666445424531, -0.00247712168827241
0.0012323845808927258, -0.002255244608635132
0.00171494215293172, -0.0019141247117411275
0.0021068246234917376, -0.001471798221852727
0.002387311770187951, -0.0009516525163745237
0.0025415732382782254, -0.0003811895518871511
0.0025614526743546868, 0.00020942826227909883
0.0024458989818071566, 0.0007889728580849908
0.0022010218960457316, 0.0013268016479969225
0.0018397689410223211, 0.0017944777077605334
0.0013812408475111296, 0.0021672733378987896
0.0008496816294218112, 0.002425477505280771
0.0002731967164098237, 0.002555438035668822
-0.0003177330803213335, 0.0025502834528086105
-0.0008918631971028268, 0.0024102862978603312
-0.00141883732919737, 0.002142848719176471
-0.0018707924767814854, 0.0017621110943460971
-0.0022238321610141, 0.0012882043780547692
-0.002459289916009383, 0.0007461857067879718
-0.002564716251391347, 0.00016471353875491257
-0.0025345369012041985, -0.00042546762089989976
-0.002370347555212815, -0.0009931527916169358
-0.0020808294890999335, -0.0015083264359190274
-0.0016812905544918433, -0.0019437494878138395
-0.0011928557983054144, -0.0022763995792587366
-0.0006413505062550229, -0.0024886883147807737
-5.593472798859356e-05, -0.0025693912326083534
0.000532438518626166, -0.0025142412819543214
0.0010926598438334434, -0.0023261544371931953
0.0015951083502595553, -0.002015075519907983
0.002013217795287847, -0.001597452380741382
0.002324881242954102, -0.0010953662429343813
0.0025136199364115264, -0.0005353641893836025
0.002569454588514597, 5.294447621095877e-05
0.0024894330222834937, 0.0006384537787221811
0.0022777862630189993, 0.001190205755322138
0.00194570482892098, 0.0016790273132720746
0.0015107470485223873, 0.0020790727152701916
0.000995910689304158, 0.0023691901356643896
0.0004284169837946994, 0.0025340400328321966
-0.00016172865397656722, 0.002564906205396733
-0.000743323121618622, 0.002460156648847245
-0.001285615447570776, 0.002225329845431334
-0.0017599327045259017, 0.0018728419248671413
-0.002141196049250782, 0.0014213301793295496
-0.0024092467303762355, 0.0008946676434136158
-0.002549911953402595, 0.0003207008417428492
-0.00255575424683796, -0.00027022255599706835
-0.0024264647078140467, -0.0008468583244750638
-0.0021688793348810798, -0.0013787176762214415
-0.0017966175844098542, -0.0018376793124452728
-0.0013293622614108935, -0.002199476296288805
-0.0007918188195096265, -0.0024449791322361802
-0.0002124090955946123, -0.002561207210693528
0.00037823145395787794, -0.002542015139065268
0.0009488735590081898, -0.0023884176705540883
0.0014693453384256872, -0.0021085360505447293
0.0019121275949391947, -0.0017171686174258793
0.00225380885313875, -0.0012350083617179708
0.0024763232075899477, -0.0006875488139408414
0.0025679055316172317, -0.00010373611082881151
0.0025237135414672984, 0.0004855614900450833
0.0023460838251029292, 0.001049185725022217
0.002044408298472855, 0.0015573357727656223
0.0016346376214543268, 0.0019831439298563236
0.0011384378296384057, 0.0023040962019950095
0.0005820447738378309, 0.002503222699091756
-5.123062816414503e-06, 0.0025699948938134876
-0.0005920200248874519, 0.0025008823023349724
-0.0011476147790430158, 0.0022995391535962084
-0.0016425310512039326, 0.0019766111771997164
-0.002050600854814455, 0.001549172725758552
-0.0023502480855205343, 0.0010398239930425879
-0.0025256293266764374, 0.0004754960612159409
-0.0025674715472285836, -0.00011397304142513054
-0.002473562399904372, -0.000697415983312355
-0.002248867195894455, -0.0012439840574661187
-0.0019052663711603968, -0.0017247782625384733
-0.0014609273254582167, -0.002114377295973746
-0.000939343847188634, -0.0023921816688430853
-0.00036809391310188566, -0.0025435028742145094
0.00022261845758497767, -0.0025603400208453753
0.0008015601972928277, -0.0024418028688073523
0.0013381205936375817, -0.002194158899643056
0.0018039297868519544, -0.0018305019322875093
0.0021743587853441104, -0.0013700598062116875
0.0024298216882302492, -0.0008371777370461686
0.0025568112616928262, -0.00026003109829567106
0.0025486131145547875, 0.0003308643110389031
0.0024056607120631623, 0.0009042657454729486
0.0021355124570365813, 0.001429855428300958
0.0017524520501799312, 0.001879843560464542
0.0012767332599398218, 0.002230437666235832
0.0007335090336073602, 0.0024631005861751737
0.0001515015713829948, 0.0025655306027932076
-0.0004385163186775287, 0.0025323118761822194
-0.0010053482886600573, 0.00236520079876704
-0.0015190239128497485, 0.0020730331285800695
-0.001952383330914964, 0.0016712568112548058
-0.0022825132864853215, 0.0011811151921035622
-0.002491958632650504, 0.0006285238047666619
-0.002569645247764263, 4.270012461933537e-05
-0.002511465563709958, -0.0005453812632450344
-0.0023204957476614663, -0.0011046264006826373
-0.002006833054164492, -0.0016054660048448882
-0.0015870619473158376, -0.002021418901510086
-0.0010833772210600001, -0.0023304921791090227
-0.0005224104813603692, -0.002516344032314516
6.61779616895064e-05, -0.002569147811509992
0.000651267340131434, -0.002486111592764517
0.0012019218940195753, -0.0022716257967976272
0.0016890265552632622, -0.0019370310517943523
0.0020868263650066776, -0.0015000185739893757
0.002374288230060584, -0.0009836947700359033
0.002536213017474198, -0.00041535951896465306
0.002564039186844891, 0.0001749372696825957
0.002456295469461134, 0.0007559845016298361
0.0022186786595216335, 0.0012970601396170567
0.001863752404329011, 0.0017695555869646218
0.0014102829194972966, 0.0021484883260036725
0.0008822467522728861, 0.0024138228327911238
0.00030756305606038925, 0.002551529926641427
-0.00028338259468618787, 0.0025543285428912266
-0.0008593447980396185, 0.0024220707087288518
-0.0013898703803185697, 0.002161749367043553
-0.0018469085638751492, 0.0017871286346216042
-0.002206294111647411, 0.0013180160442536892
-0.0024490250293353055, 0.000779215249907983
-0.0025622672685393644, 0.0001992145691762648
-0.0025400333086226246, -0.00039131929557290057
-0.002383498738259382, -0.0009611627150052371
-0.002100940097872872, -0.0014801860373445663
-0.0017072972694570643, -0.0019209466504055417
-0.001223383551788082, -0.002260139970270525
-0.0006747851871667931, -0.002479831637668184
-9.050852563141643e-05, -0.0025684057714442377
0.0004985536441104443, -0.0025211791415812312
0.0010612555064826168, -0.0023406487882551286
0.0015678450092740936, -0.0020363599944248634
0.0019915369606372524, -0.0016244015927151523
0.002309929257609089, -0.0011265552915155075
0.0025061873651069932, -0.0005691439984557567
0.0025699344177754213, 1.8359965501257847e-05
0.0024977998818271896, 0.0006048931726708728
0.0022935977671728613, 0.0011594435227383348
0.001968124967128393, 0.0016526899629893954
0.00153859038819959, 0.0020585527968307593
0.001027705053884831, 0.002355572610262646
0.00046248129194881304, 0.002528044907551541
-0.0001271955035825334, 0.00256685046386973
-0.0007101470196777537, 0.0024699374912015015
-0.0012555505327898064, 0.0022424301236853017
-0.0017345686160621376, 0.0018963574863860577
-0.0021218738768262746, 0.0014500176725965597
-0.0023969881060865728, 0.0009270102584543194
-0.0025453650343878476, 0.0003549885092725136
-0.002559159444906034, -0.0002358027471180968
-0.002437641978011218, -0.0008141262721701459
-0.0021872376951105332, -0.0013494040407111552
-0.001821186362760574, -0.0018133340100751072
-0.0013588424190399961, -0.0021813865499304974
-0.0008246516354538103, -0.00243410141122824
-0.00024685858190082177, -0.002558116658900045
0.00034398676436447895, -0.002546875164970208
0.0009166443048704287, -0.0024009713072731254
0.0014408355952336138, -0.0021281195425792987
0.0018888447743873882, -0.0017427465157817679
0.0022369840009000552, -0.001265228271782215
0.0024668459135443466, -0.000720812901403467
0.0025662768940657443, -0.00013828558487516407
0.0025300196722797264, 0.0004515533831980223
0.002359991296676356, 0.0010175171151445284
0.002065181773236613, 0.0015296810920878423
0.001661178731787838, 0.001960965379871782
0.001169343252479832, 0.0022885664416573137
0.0006156804293741269, 0.002495162842157894
2.946438847234445e-05, 0.0025698310936347335
-0.0005583095396212712, 0.0025086232196103175
-0.0011165636532562417, 0.0023147754984506053
-0.001615781068543265, 0.0019985373497979353
-0.002029566382165865, 0.0015766294112384838
-0.0023360412903927485, 0.0010713594586225783
-0.002519001372942725, 0.0005094429144787416
-0.002568772878416309, -7.940969155439959e-05
-0.0024827242099973584, -0.0006640636242808418
-0.00226540506735224, -0.0012136061473208004
-0.0019283058877991657, -0.0016989809896167385
-0.001489250305950103, -0.0020945246540032825
-0.0009714527546480969, -0.0023793233377341627
-0.00040229103519671613, -0.0025383187197435264
0.00018814124453463837, -0.0025631041477288674
0.0007686258263734091, -0.0024523691278092175
0.001308470422375571, -0.0022119686150052775
0.0017791315254370305, -0.0018546134409078707
0.0021557236062065693, -0.0013991982467269626
0.0024183348996829473, -0.0008698024562941997
0.0025530802111703305, -0.00029441711113731284
0.0025528350759910223, 0.00029653511561023027
0.0024176124553152434, 0.0008718084743247756
0.002154562050858122, 0.0014009862129950035
0.0017775922746773587, 0.001856088819266799
0.0013066348618762935, 0.0022130533969448862
0.0007665910087576999, 0.0024530059570436746
0.0001860147578592597, 0.0025632593528276404
-0.0004043967560050654, 0.002537984094460155
-0.000973426372628261, 0.002378516574899514
-0.0014909874688880387, 0.0020932884100426374
-0.0019297147457013053, 0.0016973806291527005
-0.002266411128881929, 0.0012117262871127465
-0.0024832742810972364, 0.0006620036592354106
-0.0025688378748675578, 7.727853936256857e-05
-0.0025185778581513496, -0.0005115325722079289
-0.0023351516570946917, -0.001073297134239981
-0.0020282576684430564, -0.0015783126529309577
-0.0016141224707528767, -0.0019998771585801878
-0.0011146428673725617, -0.002315701033858919
-0.0005562281244371192, -0.0025090855452903904
3.159638112065766e-05, -0.0025698057647807193
0.0006177502734395768, -0.0024946511979965225
0.0011712415079324079, -0.002287595534638087
0.0016628050310988352, -0.001959586545308034
0.0020664501281675296, -0.0015279672338752714
0.002360834644782983, -0.0010155588510728508
0.0025303934227431935, -0.0004494542536654933
0.002566161285367463, 0.00014041459141156398
0.002466247058327986, 0.0007228592167831671
0.002235933562774628, 0.0012670837000205992
0.0018873982937588352, 0.001744312953777527
0.0014390695526862451, 0.0021293141671747673
0.0009146520773656297, 0.0024017309544098753
0.00034187368806815055, 0.0025471596693977805
-0.00024898078111657007, 0.0025579109778556264
-0.0008266707493557179, 0.0024334164198015484
-0.0013606516898824195, 0.0021802584660586266
-0.0018226901279483343, 0.0018118224795712345
-0.0021883564452205295, 0.0013475889835784516
-0.0024383165607393398, 0.0008121036569457285
-0.0025593541926600683, 0.00023367951667474518
-0.0025450696501603254, -0.0003571000921767098
-0.00239621820789393, -0.0009289985469083106
-0.002120670171928851, -0.0014517775387059562
-0.0017329947486264263, -0.0018977958797598005
-0.0012536897187942486, -0.0022434709913412565
-0.0007080976469879818, -0.002470525798758283
-0.00012506592983374532, -0.0025669551054108286
0.00046457846860514795, -0.002527660350305938
0.0010296589482473584, -0.002354719187141918
0.0015402976909123511, -0.002057275631355715
0.001969495407014077, -0.0016510565834491064
0.002294558884192388, -0.0011575402917280986
0.002498300858299496, -0.0006028207207951497
0.002569948765289598, -1.622787067412368e-05
0.00250571432505875, 0.0005712230047847378
0.0023089938413112243, 0.0011284712848747547
0.00199018862688205, 0.001626053267709704
0.0015661550492708232, 0.0020376600211132745
0.0010593132744376454, 0.0023415284295947303
0.000496461832751427, 0.0025215918878004895
-9.263931478520337e-05, 0.002568329799180036
-0.0006768422917015071, 0.0024792709638448707
-0.0012252582052580951, 0.0022591242397105304
-0.0017088903522545218, 0.0019195295684024671
-0.0021021673780345917, 0.0014784425300724546
-0.0023842953251106414, 0.0009591849679052578
-0.002540357083778755, 0.00038921187918034006
-0.002562101112854265, -0.0002013402282486365
-0.0024483777280520647, -0.0007812467604917661
-0.0022051998898908742, -0.00131984599314669
-0.0018454252770481183, -0.0017886602659062112
-0.0013880764550799896, -0.0021629016979170523
-0.0008573350856082573, -0.0024227828113524696
-0.0002812633557182087, -0.0025545627658623005
0.0003096797698504128, -0.0025512738857569606
0.0008842490226856903, -0.0024130900658449195
0.001412064879362518, -0.002147317576994795
0.0018652198350801452, -0.0017680087575642073
0.002219753972866667, -0.001295219016206467
0.0024569218097525436, -0.0007539464309631663
0.002564183437239964, -0.00017281001181703934
0.002535867550940707, 0.00041746348832694125
0.0023734713126448703, 0.0009856642065389004
0.0020855811900429844, 0.001501749346508506
0.0016874189595881273, 0.0019384316482203914
0.0012000368769438108, 0.0022726221626075543
0.0006492045692235715, 0.0024866510465481884
6.404650299640657e-05, 0.0025692018304239866
-0.0005244979300236263, 0.002515909760186341
-0.001085310288845731, 0.0023295925774533266
-0.0015887384260432347, 0.002020101535471358
-0.0020081643024304485, 0.0016038005282590917
-0.0023214113776272027, 0.0011027008732304444
-0.0025119171627571157, 0.0005432974944229452
-0.002569608938242207, -4.483195852980626e-05
-0.0024914363343732093, -0.0006305909861115955
-0.0022815326152233473, -0.0011830084216404024
-0.0019509961382517815, -0.001672875987192901
-0.0015173035446037764, -0.0020742926393189087
-0.0010033857068296737, -0.0023660340494865983
-0.00043641529195603823, -0.002532674809948343
0.00015362995422740777, -0.0025654040300046588
0.0007355522373908574, -0.0024624911991861786
0.0012785832531989616, -0.002229377685507572
0.0017540110171802015, -0.0018783890309545526
0.002136697969638446, -0.0014280832561664458
0.002406410087991695, -0.000902269631768482
0.0025488867316348918, -0.000328749797407657
0.002556594652814548, 0.00026215220998465627
0.0024291263062768964, 0.0008391932960609139
0.002173221397636871, 0.0013718632427662802
0.00180241053113106, 0.001831997892266235
0.0013362997983658031, 0.0021952682863120576
0.0007995341344030349, 0.0024424670249411085
0.00022049425224057728, 0.0025605238301427136
-0.00037020394659648126, 0.002543196618023158
-0.000941328143845177, 0.0023914015400189337
-0.001462680968442931, 0.0021131645427071577
-0.0019066966391209084, 0.0017231970074153002
-0.002249898465468081, 0.0012421179070782884
-0.0024741401441945587, 0.0006953636076795222
-0.0025675652188364984, 0.00011184295695898516
-0.002525233972850316, -0.00047759122936086307
-0.002349384610025762, -0.0010417734658618727
-0.0020493149126767918, -0.0015508734276789005
-0.0016408906347655794, -0.0019779731860514183
-0.0011457066229654256, -0.002300490455118931
-0.0005899450201807266, -0.002501372597827789
-2.9909223719926104e-06, -0.0025699982596070203
0.0005841213161584813, -0.0025027389572245262
0.0011403489796446564, -0.0023031509296230768
0.0016362823298363693, -0.001981787106897559
0.002045699603638873, -0.0015556391392838043
0.002346953451148326, -0.0010472389880743505
0.0025241155081647815, -0.0004834675805491795
0.002567818585555437, 0.00010586648041777114
0.002475751945916982, 0.0006896030033927136
0.0022527834804945135, 0.001236877758717947
0.0019107023264284262, 0.0017187543802943406
0.0014675955330724078, 0.0021097543343493452
0.0009468917352554174, 0.0023892040602897513
0.0003761223978882011, 0.0025423280555048056
-0.00021453387067293939, 0.0025610301088300202
-0.0007938469691681216, 0.0024443213760760862
-0.0013311865501514086, 0.002198372663743786
-0.0017981415555872182, 0.001836188156499885
-0.002170022410709793, 0.0013769178396030313
-0.0024271664498025647, 0.0008448449709579364
-0.0025559775513871452, 0.00026810213875483324
-0.002549645013605384, -0.00032281620869645256
-0.0024085036602908283, -0.000896666113091027
-0.0021400161376398663, -0.001423106085518877
-0.0017583783375200723, -0.0018743013690812882
-0.0012837688100913458, -0.002226395661655056
-0.0007412818519682007, -0.0024607724835795652
-0.00015960068135412175, -0.002565039497261501
0.0004305191458952584, -0.0025336837342133656
0.000997875892083333, -0.0023683630853394977
0.0015124713847075588, -0.002077818642336471
0.001947097126714925, -0.0016774125250332839
0.0022787729066769125, -0.0011883156313855503
0.002489961844440003, -0.0006363882566743362
0.0025694976284582893, -5.0812767561358996e-05
0.002513174918467226, 0.0005374493736038932
0.0023239716968059543, 0.001097294651606795
0.002011891811881189, 0.001599122052028945
0.001593436039061244, 0.002016398172341227
0.0010907296258944738, 0.002327060137425785
0.0005303524514458091, 0.002514682142388036
-5.806634660647514e-05, 0.0025693439433815968
-0.0006434149700397726, 0.0024881553762433617
-0.0011947439517015837, 0.00227540916976976
-0.0016829025641024661, 0.0019423539738516737
-0.00208208012223371, 0.001506599603278591
-0.002371170686440327, 0.0009911859440923099
-0.002534889008644875, 0.00042336475272675145
-0.0025645787178703236, -0.00016684124144417112
-0.002458670013413905, -0.0007482257447717355
-0.0022227626658029576, -0.0012900488872568117
-0.0018693299369768046, -0.0017636625489935165
-0.0014170590744891909, -0.0021440250883345557
-0.0008898632501530279, -0.00241102538270066
-0.00031561718545036754, -0.0025505461752824976
0.00027531668430180734, -0.002555210504703087
0.0008516935800794712, -0.0024247717512482225
0.0013830384019352104, -0.0021661266765294895
0.0018412570561062436, -0.0017929507671263778
0.002202121889843228, -0.0013249751628892081
0.002446552693727233, -0.0007869434012786058
0.0025616255403191346, -0.00020730313838590586
0.002541256118247681, 0.0003832979799958114
0.0023865214314282013, 0.0009536327685928381
0.002105602854028721, 0.0014735455951907506
0.0017133535520698073, 0.0019155468163450928
0.0012305131436192163, 0.002256266252768091
0.0006826111212954178, 0.002477688853969373
9.86170170385603e-05, 0.002568107218157034
-0.0004905913202536971, 0.0025227406042817035
-0.0010538603466060947, 0.0023439877068472947
-0.001561408021827304, 0.0020412998283871886
-0.0019863984920795996, 0.0016306811554267497
-0.0023063609970802035, 0.0011338425601233881
-0.0025043779792537357, 0.0005770536691063199
-0.002569979575274217, -1.0246105275335537e-05
-0.0024996971950401736, -0.0005970041315671581
-0.0022972469183908384, -0.0011521964224661119
-0.00197333301272562, -0.0016464679835597185
-0.001545081960250605, -0.002053684916463072
-0.001035136919847468, -0.002352316211135075
-0.00047046050259214045, -0.002526572167087404
0.00011909083755279326, -0.0025672392511043585
0.0007023454208293645, -0.0024721672495686686
0.0012484644994488203, -0.0022463829579161265
0.001728572812056739, -0.00190182439605191
0.002117285321675544, -0.0014567096027064963
0.002394049413049104, -0.0009345733828218794
0.002544231582634393, -0.00036302293856704804
0.0025598911640687394, 0.00022772182179775502
0.002440200179491092, 0.0008064261181357502
0.0021914871176812456, 0.0013424917925398683
0.0018269023243113747, 0.0018075751429541542
0.0013657226963191826, 0.002177085555681857
0.0008323324436892987, 0.002431485698741076
0.00025493380939667354, 0.0025573245302125125
-0.00033594408365589246, 0.0025479485027481985
-0.000909059416131841, 0.0024038533603242263
-0.0014341095385554947, 0.0021326579264908663
-0.001883333180349278, 0.001748701270027353
-0.002232978287115106, 0.0012722845472898925
-0.0024645578763714537, 0.000728597607747461
-0.0025658275101819727, 0.00014638711689640704
-0.002531432702212011, -0.0004435633823609564
-0.0023631920284978847, -0.0010100611053019959
-0.0020700009728528146, -0.0015231532990439556
-0.001667361590945493, -0.0019557109513012594
-0.0011765628613874535, -0.0022848631979188183
-0.0006235550615873997, -0.002493206586941521
-3.7577684131040456e-05, -0.0025697252611233123
0.0005503865593640134, -0.002510373405545774
0.0011092499045939341, -0.002318289164267129
0.001609463255424548, -0.0020036287154656107
0.0020245785498788083, -0.0015830292781154331
0.0023326471634007584, -0.0010787294429460137
0.0025173804108320486, -0.0005173933389204244
0.0025690107872288204, 7.129919425996611e-05
0.0024848084106464663, 0.0006562218850209578
0.0022692253607243806, 0.0012064477867879675
0.0019336602813729842, 0.0016928844958356004
0.0014958556938612366, 0.002089812370320132
0.000978959886504538, 0.0023762444193758947
0.0004103029821913573, 0.0025370359600929704
-0.000180048102583652, 0.002563685370858909
-0.0007608794027146315, 0.0024547836023822434
-0.0013014802980261253, 0.002216088679148437
-0.0017732672931750626, 0.0018602212521513783
-0.0021512953288843617, 0.0014059973001112613
-0.002415576716099266, 0.0008774332616439118
-0.0025521379563179236, 0.0003024762005870846
-0.0025537585702408716, -0.0002884738548318555
-0.002420352870236231, -0.0008641712697951554
-0.0021589744909499275, -0.0013941768709268137
-0.0017834434385122222, -0.0018504673738349436
-0.0013136153775761272, -0.0022089170739969938
-0.0007743317915879233, -0.0024505734587104804
-0.00019410652505336135, -0.00256265929396237

Mars positions:
0.52, 0.0
0.5200846736180341, -0.0033002007196224654
0.5203386556991323, -0.006596451409105961
0.5207618299369494, -0.009884803461646358
0.5213540025297897, -0.013161311116665297
0.5221149022439154, -0.016422032881813417
0.5230441805021493, -0.019663032953642426
0.5241414114977466, -0.022880382636502827
0.5254060923335023, -0.026070161759224733
0.5268376431860479, -0.029228460089140068
0.5284354074952924, -0.03235137874300456
0.5301986521789458, -0.035435031594380134
0.5321265678720618, -0.03847554667703751
0.5342182691915263, -0.04146906758394231
0.5364727950254091, -0.04441175486138729
0.5388891088470956, -0.04729978739783544
0.5414660990540979, -0.05012936380704175
0.5442025793314429, -0.05289670380501943
0.5470972890395287, -0.05559804958042355
0.5501488936263296, -0.058229667157921716
0.553355985063825, -0.060787847754127156
0.5567170823085166, -0.06326890912567051
0.5602306317858972, -0.06566919690898843
0.5638950078987209, -0.06798508595141134
0.5677085135589209, -0.07021298163313294
0.5716693807430114, -0.0723493211796492
0.5757757710708064, -0.07439057496425555
0.5800257764072763, -0.07633324780019524
0.5844174194873625, -0.07817388022205418
0.5889486545635538, -0.07990904975600094
0.5936173680760352, -0.08153537217847501
0.5984213793451942, -0.08304950276292744
0.6033584412862852, -0.08444813751422492
0.6084262411460252, -0.08572801439032862
0.6136224012608967, -0.0868859145108663
0.6189444798369357, -0.0879186633522161
0.6243899717507521, -0.08882313192873015
0.6299563093715526, -0.08959623795972382
0.635640863403905, -0.09023494702186541
0.6414409437509929, -0.09073627368660453
0.647353800398093, -0.0910972826422799
0.6533766243160095, -0.0913150898005547
0.6595065483841882, -0.09138686338682966
0.6657406483332247, -0.09130982501429297
0.6720759437064886, -0.09108125074126305
0.6785093988405585, -0.0906984721114984
0.6850379238641786, -0.09015887717713711
0.6916583757154245, -0.08945991150394961
0.6983675591767723, -0.08859907915858456
0.7051622279277534, -0.08757394367749283
0.7120390856148731, -0.0863821290172272
0.718994786938466, -0.08502132048581146
0.7260259387561583, -0.08348926565488823
0.7331291012025976, -0.08178377525235092
0.7403007888251082, -0.0799027240351794
0.7475374717349283, -0.07784405164219865
0.7548355767736717, -0.07560576342649117
0.7621914886946616, -0.07318593126719375
0.769601551358776, -0.07058269436042341
0.7770620689444347, -0.06779425998907462
0.7845693071713639, -0.0648189042712437
0.7921194945377565, -0.06165497288704047
0.7997088235704612, -0.058300881783548975
0.8073334520878035, -0.05475511785771536
0.8149895044746667, -0.0510162396169388
0.8226730729694315, -0.04708287781715015
0.830380218962387, -0.042953736078176874
0.8381069743052145, -0.03862759147618666
0.8458493426311413, -0.03410329511302179
0.8536033006853613, -0.02937977266223446
0.8613647996653171, -0.024456024891645556
0.8691297665704307, -0.019331128162253686
0.8768941055608708, -0.014004234903329138
0.8846536993249378, -0.008474574063535134
0.8924044104546527, -0.0027414515379245996
0.9001420828291232, 0.0031957494293278765
0.9078625430052671, 0.009337567866601115
0.9155616016154616, 0.015684464721031688
0.9232350547716971, 0.022236822529372313
0.9308786854757972, 0.028994945113619996
0.9384882650352786, 0.035959057301514497
0.9460595544844134, 0.04312930467201348
0.9535883060100561, 0.05050575332582996
0.961070264381803, 0.058088389681118735
0.9685011683860396, 0.06587712029438586
0.9758767522634395, 0.07387177170669368
0.9831927471494675, 0.082072090315218
0.9904448825174546, 0.09047774227021399
0.99762888762379, 0.09908831339743251
1.004740492954793, 0.1079033091460313
1.0117754316748175, 0.11692215456200306
1.0187294410751455, 0.12614419428715062
1.025598264023221, 0.13556869258361703
1.0323776504117805, 0.14519483338398487
1.039063358607432, 0.15502172036693596
1.0456511568982423, 0.16504837705847142
1.0521368249398761, 0.1752737469586677
1.0585161551998525, 0.18569669369395214
1.0647849543994659, 0.1963160011948597
1.0709390449529315, 0.20713037389923816
1.0769742664033084, 0.21813843698084767
1.0828864768547595, 0.22933873660330673
1.0886715544007035, 0.24072974019931492
1.0943253985474224, 0.25230983677509145
1.0998439316326802, 0.26407733723994187
1.1052231002389166, 0.27603047476087317
1.1104588766005787, 0.2881674051421661
1.115547260005156, 0.30048620722979746
1.120484278187484, 0.31298488334061036
1.1252659887168857, 0.3256613597161141
1.1298884803767208, 0.33851348700079165
1.1343478745359166, 0.35153904074478226
1.1386403265120522, 0.3647357219308044
1.1427620269255776, 0.3781011575251707
1.146709203044747, 0.3916329010527425
1.1504781201208414, 0.4053284331956706
1.154065082713278, 0.41918516241574033
1.1574664360041829, 0.43320042560016614
1.1606785671020288, 0.4473714887306356
1.1636979063339203, 0.4616955475754295
1.1665209285261366, 0.4761697284044092
1.169144154272525, 0.490791088726681
1.171564151190348, 0.5055566180507217
1.173777535163203, 0.5204632386667438
1.1757809715706122, 0.5355078064510923
1.1775711765039096, 0.5506871116924259
1.179144917968042, 0.5659978799394623
1.1804990170689011, 0.5814367728700299
1.181630349185828, 0.5970003891811895
1.1825358451289087, 0.6126852655001602
1.183212492280709, 0.6284878773157898
1.18365733572208, 0.6444046399303102
1.183867479341691, 0.6604319094310841
1.1838400869289294, 0.6765659836820842
1.1835723832498346, 0.6928031033347948
1.183061655105716, 0.7091394528582705
1.1823052523741282, 0.7255711615880219
1.1813005890318737, 0.742094304793453
1.1800451441597035, 0.7587049047635164
1.1785364629284045, 0.7753989319102871
1.1767721575659573, 0.7921723058901287
1.1747499083054562, 0.8090208967421156
1.1724674643134907, 0.8259405260433994
1.169922644598695, 0.842926968081157
1.1671133389001707, 0.8599759510408028
1.1640375085555004, 0.8770831582101006
1.1606931873480781, 0.8942442291988294
1.157078482333476, 0.9114547611736437
1.1531915746445909, 0.9287103101077706
1.1490307202753032, 0.9460063920451736
1.1445942508423985, 0.9633384843788104
1.1398805743255067, 0.9807020271426179
1.1348881757848135, 0.9980924243168317
1.1296156180563144, 1.0155050451462708
1.1240615424243832, 1.032935225471188
1.1182246692714326, 1.0503782690703025
1.1121037987044555, 1.067829449015613
1.105697811158239, 1.0852840090385971
1.0990056679750515, 1.1027371649073916
1.0920264119606096, 1.1201841058145474
1.0847591679161381, 1.1376199957749527
1.077203143146348, 1.1550399750335054
1.0693576279431523, 1.1724391614821268
1.0612219960449671, 1.1898126520856906
1.0527957050714276, 1.207155524316452
1.0440782969333804, 1.2244628375965463
1.0350693982180024, 1.2417296347481348
1.0257687205489094, 1.2589509434507675
1.0161760609211379, 1.276121777705528
1.0062913020108626, 1.2932371393055337
0.9961144124597511, 1.3102920193123442
0.9856454471338444, 1.3272813995378512
0.9748845473568638, 1.3442002540312037
0.9638319411178551, 1.3610435505703307
0.952487943253093, 1.3778062521576102
0.9408529556021602, 1.3944833185192538
0.9289274671381409, 1.4110697076079486
0.9167120540718713, 1.4275603771083152
0.9042073799301852, 1.4439502859447357
0.8914141956081211, 1.4602343957910957
0.8783333393950492, 1.4764076725819983
0.8649657369746897, 1.4924650880249974
0.8513124013989988, 1.5084016211133966
0.837374433035921, 1.5242122596391652
0.8231530194909825, 1.5398920017055235
0.8086494355027514, 1.5554358572387357
0.7938650428121515, 1.5708388494986727
0.778801290005667, 1.58609601658768
0.7634597123324502, 1.6012024129573155
0.7478419314953787, 1.6161531109124838
0.7319496554160879, 1.6309432021125447
0.7157846779740422, 1.6455677990689244
0.6993488787196902, 1.6600220366387972
0.6826442225617799, 1.6743010735143722
0.6656727594288951, 1.6884000937073613
0.6484366239053023, 1.7023143080281622
0.6309380348411848, 1.71603895555933
0.613179294937371, 1.7295693051228849
0.595162790304655, 1.742900656741015
0.5768909899978165, 1.7560283430897452
0.5583664455244641, 1.7689477309451225
0.5395917903288159, 1.7816542226215
0.5205697392505746, 1.7941432574014646
0.5013030879590081, 1.8064103129569995
0.48179471236240373, 1.8184509067614387
0.46204756799304414, 1.8302605974918
0.4420646893678655, 1.8418349864210648
0.42184918932497767, 1.8531697187999847
0.4014042583362094, 1.8642604852280082
0.3807331637958774, 1.8751030230129015
0.35983924928594946, 1.8856931175186642
0.3387259338178348, 1.8960266035013176
0.31739671105096945, 1.906099366432179
0.295855148488431, 1.9159073438082084
0.27410488664980415, 1.9254465264490381
0.2521496382214993, 1.9347129597802897
0.22999318718479633, 1.9437027451027857
0.20763938792181424, 1.9524120408472816
0.18509216429967434, 1.960837063814323
0.16235550873310733, 1.968974090398865
0.1394334812257607, 1.9768194577992702
0.11633020839047126, 1.9843695652103248
0.09304988244877821, 1.9916208749999076
0.06959676020995087, 1.9985699138689494
0.045975162029822436, 2.005213273994339
0.02218947074971067, 2.0115476141544097
-0.0017558693842668616, 2.0175696608366853
-0.025856353821191336, 2.0232762093275243
-0.05010741882434189, 2.0286641247833446
-0.07450444260887457, 2.0337303432830915
-0.09904274649787537, 2.0384718728616313
-0.12371759609645172, 2.0428857945237495
-0.14852420248353393, 2.046969263238445
-0.17345772342105603, 2.05071950891321
-0.19851326458016083, 2.0541338373480005
-0.22368588078410134, 2.057209631168597
-0.2489705772674714, 2.059944350739074
-0.2743623109514246, 2.062335535053088
-0.29985599173449384, 2.0643808026037154
-0.3254464837986749, 2.0660778522315626
-0.35112860693039394, 2.067424463950892
-0.3768971378559678, 2.0684184997534985
-0.40274681159120507, 2.0690579043900943
-0.42867232280473067, 2.069340706128951
-0.45466832719468103, 2.06926501749156
-0.4807294428783507, 2.0688290359650896
-0.5068502517944125, 2.0680310446914034
-0.5330253011172901, 2.0668694131324283
-0.5592491046833017, 2.0653425977116555
-0.5855161444281565, 2.063449142431587
-0.6118208718353902, 2.061187679466904
-0.6381577093953352, 2.058556929733194
-0.6645210520741902, 2.0555557034310343
-0.6909052687927926, 2.052182900565272
-0.7173047039146502, 2.0484375114393156
-0.7437136787428191, 2.0443186171242966
-0.7701264930251805, 2.039825389902928
-0.7965374264677108, 2.0349570936879307
-0.8229407402552815, 2.0297130844148725
-0.8493306785795799, 2.024092810409307
-0.875701470173694, 2.0180958127280673
-0.9020473298529128, 2.011721725474618
-0.9283624600613262, 2.0049702760883434
-0.9546410524237562, 1.9978412856076802
-0.9808772893025841, 1.990334668906986
-1.0070653453590135, 1.9824504349070806
-1.0331993891183358, 1.9741886867593617
-1.0592735845387296, 1.9655496220034354
-1.0852820925831625, 1.9565335326981943
-1.1112190727939208, 1.9471408055262889
-1.1370786848693188, 1.9373719218719514
-1.1628550902421453, 1.9272274578721187
-1.1885424536593714, 1.916708084440841
-1.2141349447626868, 1.9058145672669347
-1.2396267396693763, 1.8945477667848785
-1.265012022553113, 1.8829086381189335
-1.2902849872241928, 1.870898231000493
-1.3154398387087434, 1.8585176896586724
-1.3404707948264893, 1.845768252684143
-1.3653720877665614, 1.8326512528662469
-1.3901379656609423, 1.8191681170034175
-1.414762694155068, 1.8053203656869417
-1.4392405579751395, 1.7911096130581141
-1.4635658624916763, 1.776537566538844
-1.4877329352788804, 1.7616060265357638
-1.5117361276693435, 1.746316886117918
-1.535569816303643, 1.7306721306681148
-1.559228404674402, 1.7146738375080077
-1.5827063246643247, 1.6983241754970275
-1.6059980380777992, 1.6816254046052421
-1.629098038165602, 1.6645798754602639
-1.6520008511422704, 1.6471900288683163
-1.674701037695687, 1.629458395309593
-1.6971931944884637, 1.6113875944080247
-1.7194719556506617, 1.592980334375611
-1.7415319942634317, 1.5742394114314464
-1.763368023833133, 1.5551677091956078
-1.784974799755509, 1.5357681980580566
-1.806347120769488, 1.5160439345227283
-1.8274798304001871, 1.4959980605269818
-1.8483678183907073, 1.4756338027365943
-1.8690060221222824, 1.4549544718164928
-1.8893894280223935, 1.433963461677417
-1.9095130729604215, 1.4126642486987155
-1.929372045630435, 1.391060390927497
-1.9489614879207147, 1.3691555272543416
-1.9682765962696052, 1.3469533765658095
-1.9873126230073137, 1.3244577368739718
-2.0060648776832464, 1.3016724844232053
-2.024528728378513, 1.2786015727744906
-2.0426996030031983, 1.2552490318674825
-2.060572990578038, 1.2316189670605917
-2.0781444425001134, 1.2077155581493528
-2.0954095737922027, 1.1835430583633513
-2.112364064335417, 1.1591057933419837
-2.129003660084766, 1.134408160089338
-2.1453241742672944, 1.10945462590848
-2.16132148856244, 1.084249727315453
-2.176991554264273, 1.0587980689332723
-2.1923303934252614, 1.033104322366254
-2.2073340999812485, 1.0071732250549577
-2.2219988408572933, 0.9810095791120901
-2.236320857054067, 0.9546182501396765
-2.250296464714471, 0.9280041660278476
-2.263922056170178, 0.9011723157355628
-2.277194100967777, 0.8741277480536194
-2.290109146874234, 0.8468755703502977
-2.3026638208613623, 0.8194209472999774
-2.314854830069014, 0.7917690995951155
-2.326678962746721, 0.7639253026419086
-2.3381330891734935, 0.7358948852400309
-2.349214162555522, 0.7076832282468157
-2.3599192199014976, 0.6792957632262517
-2.3702453828753187, 0.6507379710831749
-2.380189858625908, 0.6220153806830493
-2.389749940593914, 0.5931335674577152
-2.3989230092950535, 0.5640981519974982
-2.407706533079854, 0.5349147986300954
-2.4160980688695926, 0.5055892139866108
-2.4240952628681898, 0.4761271455551655
-2.4316958512498728, 0.44653438022248926
-2.438897660822382, 0.4168167428038977
-2.4456986096655413, 0.38698009456207777
-2.452096707744992, 0.3570303317150983
-2.458090057500918, 0.326973383934071
-2.463676854411579, 0.2968152128308727
-2.468855387531486, 0.2665618104363921
-2.4736240400040677, 0.2362191976696862
-2.4779812895486604, 0.20579342279851526
-2.4819257089216897, 0.17529055989167844
-2.4854559663518985, 0.14471670726358873
-2.48857082594949, 0.11407798591153702
-2.491269148089073, 0.08338053794607647
-2.4935498897662813, 0.0526305250149835
-2.495412104927968, 0.021834126721229724
-2.496854944775873, -0.00900246096456142
-2.4978776580436715, -0.0398730272967579
-2.4984795912473174, -0.07077134835197574
-2.498660188908609, -0.10169118863051901
-2.498418993751903, -0.1326263026615359
-2.4977556468739195, -0.16357043661143894
-2.4966698878865845, -0.19451732989513104
-2.495161555032859, -0.22546071678958174
-2.4932305852755285, -0.2563943280492939
-2.490877014358908, -0.2873118925231926
-2.488100976843457, -0.31820713877249585
-2.4849027061132722, -0.34907379668908756
-2.4812825343564704, -0.3799055991139542
-2.47724089251845, -0.41069628345518194
-2.472778310228045, -0.4414395933051194
-2.4678954156965887, -0.47212928005619237
-2.4625929355899134, -0.502759104514915
-2.4568716948733176, -0.5333228385136882
-2.450732616629545, -0.5638142665198469
-2.4441767218498134, -0.5942271872415805
-2.4372051291979684, -0.6245554152302082
-2.429819054747809, -0.6547927824783706
-2.422019811693667, -0.684933140013721
-2.413808810034317, -0.7149703594875848
-2.405187556230302, -0.7448983347582219
-2.396157652834779, -0.7747109834681778
-2.386720798097981, -0.8044022486152891
-2.3768787855453954, -0.8339661001169352
-2.3666335035298083, -0.8633965363670326
-2.355986934757305, -0.8926875857853582
-2.3449411557873825, -0.9218333083587846
-2.333498336507312, -0.9508277971739242
-2.321660739580887, -0.9796651799408298
-2.3094307198717337, -1.0083396205072366
-2.2968107238413302, -1.0368453203629686
-2.2838032889219084, -1.0651765201340824
-2.2704110428644286, -1.093327501066265
-2.2566367030617895, -1.1212925864971557
-2.2424830758474887, -1.1490661433170897
-2.227953055769925, -1.1766425834178855
-2.2130496248425313, -1.2040163651292919
-2.1977758517699946, -1.231181994642609
-2.1821348911507252, -1.2581340274211756
-2.1661299826558613, -1.2848670695972357
-2.149764450185005, -1.3113757793548406
-2.133041700998932, -1.3376548682983875
-2.115965224829547, -1.3636991028063865
-2.098538592967324, -1.3895033053700727
-2.080765457326473, -1.4150623559165285
-2.0626495494881483, -1.4403711931158658
-2.044194679721915, -1.4654248156721776
-2.0254047359858, -1.490218283597824
-2.0062836829051935, -1.5147467194707365
-1.9868355607308807, -1.5390053096743799
-1.9670644842765372, -1.562989305619983
-1.9469746418359501, -1.586694024950757
-1.9265702940803084, -1.6101148527276998
-1.9058557729358696, -1.6332472425966773
-1.8848354804422969, -1.6560867179364767
-1.8635138875920514, -1.6786288729874435
-1.8418955331511015, -1.7008693739604626
-1.8199850224613514, -1.7228039601259004
-1.7977870262250946, -1.7444284448822422
-1.7753062792718346, -1.765738716804127
-1.7525475793078649, -1.7867307406694488
-1.7295157856489387, -1.807400558465264
-1.706215817936374, -1.8277442903722343
-1.6826526548370184, -1.8477581357272794
-1.6588313327273794, -1.8674383739642342
-1.6347569443623553, -1.8867813655321837
-1.6104346375289094, -1.9057835527912665
-1.58586961368509, -1.9244414608856737
-1.561067126584792, -1.942751698593595
-1.5360324808886272, -1.9607109591539003
-1.5107710307613378, -1.9783160210692956
-1.4852881784561418, -1.9955637488857394
-1.4595893728863856, -2.0124510939479285
-1.4336801081849777, -2.028975095130595
-1.4075659222519394, -2.045132879545463
-1.3812523952905646, -2.0609216632236254
-1.3547451483325474, -2.0763387517731884
-1.3280498417525382, -2.091381541011973
-1.3011721737725312, -2.106047517575126
-1.27411787895654, -2.120334259497448
-1.2468927266959466, -2.134239436770304
-1.2195025196860194, -2.1477608118729434
-1.191953092393972, -2.1608962402781042
-1.1642503095190582, -2.1736436709317446
-1.1364000644451064, -2.1860011467067917
-1.1084082776859507, -2.197966804830776
-1.0802808953242122, -2.2095388772872298
-1.0520238874438599, -2.2207156911907653
-1.0236432465570098, -2.2314956691357084
-0.9951449860254261, -2.2418773295182155
-0.9665351384771329, -2.2518592868317855
-0.9378197542186657, -2.2614402519360746
-0.9090048996433143, -2.2706190322989825
-0.8800966556359237, -2.279394532211908
-0.8511011159746192, -2.2877657529781534
-0.8220243857299682, -2.2957317930744168
-0.7928725796619991, -2.3032918482853444
-0.763651820615591, -2.3104452118111
-0.734368237914602, -2.3171912743479584
-0.7050279657553133, -2.3235295241418705
-0.6756371415995251, -2.3294595470150368
-0.6462019045678634, -2.3349810263654573
-0.616728393833716, -2.340093743139488
-0.5872227470182293, -2.3447975757774175
-0.5576910985868813, -2.349092500132088
-0.5281395782480491, -2.3529785893605966
-0.4985743093540318, -2.356456013789121
-0.4690014073050224, -2.3595250407509067
-0.4394269779564046, -2.3621860343974994
-0.40985711602993435, -2.3644394554832573
-0.38029790352916026, -2.3662858611232354
-0.3507554081595957, -2.3677259045245225
-0.3212356817540927, -2.368760334691107
-0.2917447587038048, -2.3693899961023805
-0.26228865439526927, -2.3696158283653785
-0.23287336365401334, -2.369438865840864
-0.20350485919508765, -2.3688602372433833
-0.1741890900810686, -2.367881165215414
-0.14493198018785902, -2.36650296587574
-0.115739426678788, -2.364727048342198
-0.0866172984874552, -2.36255491422894
-0.05757143480966809, -2.359988157118372
-0.028607643605022437, -2.3570284620079334
0.0002682998915781165, -2.353677604731882
0.02905065464793627, -2.3499374513582723
0.057733715301730604, -2.3458099575613023
0.08631181361646845, -2.3412971679692327
0.11477931992570267, -2.336401215488065
0.14313064456523228, -2.3311243206012
0.17136023929276623, -2.3254687906452753
0.19946259869471944, -2.319437019062418
0.22743226157973517, -2.313031484629126
0.2552638123585031, -2.306254750662015
0.2829518824095204, -2.299109464200689
0.3104911514304086, -2.291598355167951
0.3378763487743742, -2.2837242355076364
0.3651022547714729, -2.275489998300311
0.3921637020342891, -2.266898616857112
0.4190555767476512, -2.257953143791999
0.44577281994205253, -2.2486567100726913
0.47231042875038065, -2.239012524050595
0.4986634576476389, -2.2290238704699785
0.5248270196732919, -2.2186941094567296
0.5507962876358825, -2.2080266754869786
0.5765664952996228, -2.1970250763358887
0.602132938552578, -2.1856928920069594
0.6274909765561586, -2.1740337736421216
0.652636032875576, -2.1620514424129875
0.6775635965909425, -2.1497496883935723
0.7022692233887363, -2.1371323694148097
0.7267485366333024, -2.1242034099012312
0.7509972284180767, -2.1109667996901407
0.775011060596309, -2.097426592833629
0.7987858657909034, -2.0835869063838084
0.8223175483831879, -2.0694519191615988
0.8456020854802763, -2.055025870509466
0.8686355278607837, -2.040313059028453
0.8914140008986543, -2.025317841299893
0.9139337054647794, -2.0100446305921946
0.9361909188062582, -1.9944978955530566
0.9581819954029706, -1.9786821588875256
0.9799033678012662, -1.962601996022285
1.001351547424575, -1.9462620337565466
1.0225231253606482, -1.9296669488999838
1.0434147731252725, -1.912821466898086
1.064023243402247, -1.89573036044533
1.0843453707593733, -1.8783984480866247
1.1043780723403556, -1.8608305928073794
1.12411834853233, -1.8430317006126717
1.1435632836089136, -1.825006719095905
1.1627100463485867, -1.8067606359973674
1.1815558906282078, -1.7882984777531623
1.2000981559915842, -1.7696253080348803
1.2183342681928517, -1.7507462262805031
1.236261739714616, -1.7316663662169247
1.253878170260657, -1.7123908943745456
1.2711812472230983, -1.6929250085943977
1.2881687461239297, -1.6732739365281901
1.3048385310307429, -1.6534429341317716
1.3211885549466118, -1.6334372841524236
1.3372168601740015, -1.6132622946104231
1.3529215786526274, -1.5929232972753462
1.3683009322711692, -1.5724256461375532
1.3833532331527927, -1.551774715875278
1.398076883914395, -1.5309759003178234
1.412470377899521, -1.5100346109052571
1.4265322993849137, -1.4889562751451064
1.4402613237606312, -1.4677463350664883
1.45365621768373, -1.446410245672109
1.466715839205464, -1.4249534733886293
1.4794391378719913, -1.4033814945158034
1.4918251547985788, -1.3816997936748912
1.5038730227173063, -1.3599138622567508
1.5155819659982548, -1.3380291968701217
1.5269513006442323, -1.316051297790497
1.537980434259016, -1.293985667410071
1.5486688659891732, -1.2718378086892128
1.5590161864394654, -1.249613223609927
1.5690220775619252, -1.2273174116317067
1.578686312518609, -1.204955868150297
1.5880087555181146, -1.1825340829597835
1.5969893616259405, -1.1600575387184313
1.6056281765487217, -1.1375317094187907
1.6139253363924815, -1.1149620588624327
1.6218810673949375, -1.0923540391398276
1.6294956856319884, -1.069713089115784
1.6367695966984988, -1.0470446329208574
1.6437032953634514, -1.024354078449245
1.6502973651996498, -1.0016468158635061
1.6565524781880345, -0.9789282161066439
1.6624693942968096, -0.9562036294218839
1.6680489610354765, -0.9334783838806671
1.6732921129839486, -0.9107577839192217
1.678199871296913, -0.888047108884158
1.6827733431835745, -0.8653516115875297
1.6870137213629879, -0.8426765168717545
1.6909222834951407, -0.820027020184804
1.694500391587968, -0.7974082861661107
1.6977494913805173, -0.7748254472435723
1.700671111702435, -0.7522836022420548
1.7032668638100077, -0.7297878150038313
1.705538440698958, -0.7073431130213063
1.7074876163942172, -0.6849544860824692
1.7091162452169173, -0.6626268849294357
1.7104262610288155, -0.6403652199304647
1.7114196764544154, -0.6181743597658602
1.712098582081017, -0.5960591301280942
1.712465145636951, -0.5740243124365705
1.7125216111482773, -0.5520746425673642
1.7122702980741824, -0.5302148095983203
1.7117136004213858, -0.5084494545698458
1.7108539858378005, -0.4867831692618094
1.7096939946857632, -0.4652204949868102
1.7082362390951042, -0.44376592140025495
1.7064834019963622, -0.4224238853275083
1.7044382361344554, -0.4011987696084912
1.7021035630631007, -0.3800949019600631
1.6994822721203136, -0.3591165538564626
1.6965773193852938, -0.33826793942819733
1.693391726617029, -0.31755321437962936
1.6899285801749553, -0.2969764749256023
1.6861910299219887, -0.2765417567474162
1.6821822881102955, -0.2562530339683943
1.6779056282501228, -0.23611421814941702
1.6733643839620613, -0.21612915730461002
1.6685619478130789, -0.19630163493754338
1.6635017701366959, -0.17663536909818045
1.658187357837668, -0.15713401146082284
1.6526222731815308, -0.13780114642334418
1.6468101325694084, -0.11864029022795575
1.64075460529843, -0.09965489010372397
1.6344594123081657, -0.08084832343112991
1.6279283249134506, -0.06222389692883601
1.621165163523991, -0.04378484586295395
1.6141737963511562, -0.025534333278986354
1.606958138102335, -0.00747544925666066
1.5995221486632731, 0.010388789812104893
1.5918698317687954, 0.028055441921969404
1.5840052336623043, 0.04552164012940907
1.5759324417444962, 0.06278459320429441
1.5676555832116716, 0.07984158625762161
1.5591788236840893, 0.0966899813451898
1.5505063658247662, 0.11332721804713086
1.5416424479491455, 0.12975081402306265
1.5325913426260769, 0.14595836554277064
1.523357355270498, 0.1619475479922583
1.5139448227282992, 0.1777161163550297
1.504358111853753, 0.19326190566848744
1.4946016180799684, 0.20858283145532508
1.4846797639828175, 0.2236768901297994
1.4745969978387303, 0.23854215937878787
1.4643577921768463, 0.25317679851753283
1.4539666423259323, 0.26757904881997363
1.4434280649565059, 0.2817472338236101
1.4327465966186417, 0.295679759608803
1.4219267922758576, 0.30937511505245885
1.4109732238355694, 0.3228318720560427
1.3998904786765385, 0.3360486857478544
1.3886831581737482, 0.3490242946595521
1.3773558762212004, 0.3617575208768682
1.3659132577530186, 0.37424727016449955
1.3543599372633661, 0.3864925320651621
1.3427005573255886, 0.39849237997276943
1.3309397671110397, 0.41024597117978734
1.319082220908052, 0.4217525468987039
1.3071325766414785, 0.43301143225767513
1.2950954943932704, 0.44402203627036274
1.2829756349245374, 0.4547838517799523
1.2707776581995243, 0.465296455377451
1.258506221911965, 0.4755595072942519
1.2461659800142553, 0.48557275126904026
1.2337615812498792, 0.4953360143891216
1.2212976676895493, 0.5048492069061845
1.2087788732714837, 0.5141123220266384
1.1962098223462776, 0.5231254356765518
1.1835951282267996, 0.531888706241308
1.1709393917435442, 0.5404023742800892
1.1582471998058939, 0.5486667622152476
1.1455231239697028, 0.5566822739967372
1.132771719011648, 0.5644493947416646
1.1199975215107814, 0.5719686903491348
1.1072050484376834, 0.5792408070905036
1.0943987957516819, 0.5862664711751695
1.0815832370065168, 0.5930464882920923
1.0687628219649083, 0.5995817431271402
1.0559419752224168, 0.6058731988564869
1.0431250948410156, 0.6119218966161852
1.0303165509927956, 0.6177289549481124
1.0175206846142069, 0.6232955692224833
1.004741806071218, 0.6286230110370988
0.9919841938358389, 0.6337126275935535
0.9792520931743507, 0.6385658410505923
0.9665497148476817, 0.6431841478548285
0.9538812338242963, 0.6475691180490621
0.9412507880059737, 0.6517223945583953
0.9286624769668889, 0.6556456924544084
0.9161203607063356, 0.659340798197605
0.9036284584154959, 0.6628095688584065
0.89119074725861, 0.6660539313169137
0.8788111611689032, 0.6690758814417166
0.8664935896596554, 0.6718774832480184
0.8542418766507323, 0.6744608680353217
0.8420598193109687, 0.6768282335049877
0.8299511669167084, 0.6789818428579214
0.8179196197268791, 0.6809240238726839
0.8059688278749014, 0.6826571679643413
0.7941023902778003, 0.6841837292243136
0.7823238535627998, 0.6855062234415791
0.7706367110117683, 0.686627227105493
0.7590444015237814, 0.6875493763905889
0.747550308596147, 0.6882753661236451
0.736157759324179, 0.6888079487333616
0.7248700234200095, 0.6891499331829899
0.7136903122507533, 0.6893041838862264
0.7026217778962809, 0.6892736196067458
0.691667512226903, 0.689061212341694
0.6808305460012325, 0.6886699861895048
0.6701138479844734, 0.6881030162024095
0.6595203240874327, 0.6873634272239727
0.6490528165264675, 0.6864543927120534
0.6387141030046543, 0.6853791335475373
0.6285068959143865, 0.6841409168292195
0.6184338415616676, 0.6827430546552387
0.6084975194122972, 0.6811889028914035
0.5987004413601977, 0.6794818599268476
0.5890450510180723, 0.6776253654173598
0.5795337230306284, 0.6756228990168083
0.5701687624105374, 0.6734779790970575
0.56095240389735, 0.671194161456758
0.5518868113395428, 0.6687750380194464
0.5429740770998699, 0.6662242355213202
0.5342162214842099, 0.6635454141891468
0.5256151921940504, 0.6607422664086776
0.5171728638027928, 0.6578185153840026
0.5088910372560098, 0.6547779137882771
0.5007714393958047, 0.6516242424062033
0.4928157225094161, 0.6483613087687411
0.4850254639021818, 0.6449929457804257
0.47740216549500514, 0.6415230103397517
0.46994725344640975, 0.6379553819530482
0.46266207779932, 0.6342939613422619
0.45554791215263535, 0.6305426690471051
0.44860595335772235, 0.6267054440219803
0.44183732123987507, 0.6227862422281409
0.43524305834484867, 0.618789035221511
0.4288241297105171, 0.6147178087365996
0.4225814226637188, 0.6105765612669776
0.416515746642357, 0.6063693026427198
0.4106278330427753, 0.6021000526052898
0.4049183350924733, 0.5977728393802889
0.3993878277481717, 0.5933916982485125

Jupiter positions:
4.2, 0.0
4.200143111917553, -0.009704476064625107
4.200572403537032, -0.019403846227608552
4.201287742472022, -0.029093006109114333
4.202288908122211, -0.03876685437246563
4.203575591738961, -0.048420294244593945
4.205147396517072, -0.058048235035132394
4.207003837712712, -0.0676455936537014
4.209144342787495, -0.07720729612493632
4.2115682515786395, -0.08672827910080623
4.214274816495182, -0.09620349136977542
4.217263202740169, -0.10562789536235831
4.220532488558765, -0.11499646865262063
4.224081665512214, -0.1243042054551812
4.227909638777557, -0.13354611811726871
4.232015227473025, -0.14271723860539104
4.236397165009016, -0.15181261998617418
4.24105409946454, -0.16082733790093204
4.2459845939890215, -0.16975649203352838
4.251187127229358, -0.17859520757109396
4.256660093782079, -0.1873386366571666
4.262401804670496, -0.19598195983682068
4.268410487846687, -0.20452038749335774
4.2746842887181735, -0.2129491612761305
4.281221270699129, -0.22126355551907692
4.288019415785961, -0.22945887864954193
4.295076625157084, -0.23753047458696888
4.302390719796725, -0.24547372413104432
4.309959441142555, -0.2532840463388849
4.317780451756963, -0.2609568998908557
4.325851336021782, -0.26848778444461496
4.334169600856243, -0.27587224197698323
4.342732676457955, -0.2831058581132369
4.351537917066691, -0.290184263443433
4.360582601750751, -0.2971031348253722
4.369863935215662, -0.30385819667381353
4.379379048634984, -0.3104452222355594
4.389125000502976, -0.31686003485002906
4.399098777508858, -0.32309850919494804
4.409297295432415, -0.32915657251678265
4.4197174000606845, -0.3350302058455546
4.430355868125442, -0.34071544519367386
4.441209408261213, -0.34620838273843335
4.452274661983527, -0.35150516798781634
4.463548204687122, -0.3566020089292664
4.4750265466638, -0.3614951731610828
4.486706134139639, -0.36618098900610113
4.49858335033124, -0.3706558466073306
4.510654516520707, -0.3749161990052236
4.522915893149042, -0.3789585631962532
4.535363680927618, -0.38277952117248815
4.547994021967402, -0.386375720941855
4.560803000925612, -0.3897438775287832
4.57378664616944, -0.3928807739549373
4.586940930956507, -0.39578326219974547
4.600261774631712, -0.3984482641404345
4.613745043840092, -0.40087277247129904
4.627386553755354, -0.40305385160192564
4.641182069323717, -0.4049886385341075
4.6551273065226635, -0.4066743437171896
4.669217933634271, -0.4081082518815891
4.683449572532707, -0.4092877228502435
4.697817799985527, -0.41021019232774586
4.712318148968382, -0.41087317266693196
4.726946109992736, -0.41127425361269276
4.74169713244622, -0.41141110302278916
4.7565666259452115, -0.4112814675654577
4.771549961699223, -0.41088317339359626
4.786642473886728, -0.410214126795333
4.801839461041983, -0.4092723148207835
4.8171361874524585, -0.4080558058848096
4.832527884566443, -0.4065627503456005
4.848009752410421, -0.4047913810589071
4.86357696101578, -0.4027400139077607
4.879224651854453, -0.4004070483075216
4.894947939283045, -0.39779096768610633
4.910741911995024, -0.3948903399392516
4.926601634480544, -0.3917038178606782
4.942522148493468, -0.38823013954702945
4.95849847452515, -0.3844681287774605
4.974525613284548, -0.38041669536776956
4.990598547184218, -0.3760748354989626
5.006712241831745, -0.3714416320201551
5.022861647526187, -0.36651625472572213
5.039041700759063, -0.3612979606066118
5.055247325719459, -0.35578609407574935
5.071473435802787, -0.349980087167464
5.087714935122767, -0.3438794597108801
5.103966720026167, -0.3374838194772204
5.1202236806098655, -0.33079286230097726
5.136480702239762, -0.32380637217491637
5.152732667071122, -0.31652422131888625
5.168974455569864, -0.3089463702224089
5.185200948034363, -0.30107286766104346
5.201407026117312, -0.2929038506865166
5.217587574347185, -0.2844395445906188
5.233737481648847, -0.27568026284288594
5.24985164286288, -0.26662640700207196
5.265924960263141, -0.2572784666014548
5.281952345072127, -0.2476370190079934
5.297928718973683, -0.2377027292553897
5.313849015622619, -0.22747634985109955
5.329708182150756, -0.21695872055735133
5.3455011806689985, -0.20615076814623756
5.361222989764944, -0.19505350612894856
5.3768686059956154, -0.1836680344592393
5.392433045374854, -0.1719955392112008
5.407911344854935, -0.16003729223144925
5.423298563801981, -0.14779465076582265
5.43858978546471, -0.13526905706070402
5.4537801184360974, -0.12246203793908617
5.4688646981075175, -0.10937520435150483
5.483838688114921, -0.09601025090197302
5.498697281776637, -0.08236895534905908
5.51343570352235, -0.06845317808225437
5.528049210312857, -0.05426486157378674
5.542533093050138, -0.03980602980604664
5.5568826779773834, -0.025078787674787884
5.5710933280684864, -0.010085320368288908
5.58516044440667, 0.005172107277348514
5.599079467551761, 0.02069115144656175
5.61284587889576, 0.036469390036166005
5.626455202006289, 0.05250432337045241
5.639903003957498, 0.0687933749393339
5.653184896648059, 0.08533389215932996
5.666296538105855, 0.10212314715714765
5.679233633778954, 0.11915833757564342
5.691991937812515, 0.13643658740191178
5.704567254311215, 0.15395494781726493
5.716955438586854, 0.1717103980688437
5.729152398390742, 0.1896998463626044
5.741154095130506, 0.20792013077742022
5.752956545070977, 0.22636802020001368
5.764555820518769, 0.24504021528045672
5.7759480509902135, 0.2639333494079399
5.787129424362311, 0.283043989706539
5.798096188006343, 0.3023686380506613
5.808844649903809, 0.3219037320998901
5.819371179744365, 0.34164564635290495
5.829672210005432, 0.3615906932201719
5.839744237013157, 0.3817351241150897
5.849583821984406, 0.40207513056325117
5.859187592049477, 0.42260684532951
5.8685522412552515, 0.4433263435625018
5.877674531548449, 0.4642296439562922
5.886551293738723, 0.48531270992879594
5.895179428441309, 0.5065714508166278
5.903555906998917, 0.5280017230860157
5.911677772382638, 0.5495993315594337
5.9195421400715595, 0.5713600306575763
5.927146198910843, 0.5932795256563117
5.934487211948016, 0.6153534739582411
5.941562517247222, 0.6375774863784791
5.948369528681173, 0.659947128444284
5.9549057367006055, 0.6824579217081429
5.961168709080968, 0.7051053450739271
5.967156091646156, 0.7278848361357175
5.972865608969049, 0.7507917925289105
5.978295065048669, 0.7738215732931949
5.983442343963724, 0.7969695002470011
5.988305410502396, 0.8202308593730121
5.992882310768117, 0.8436009022143189
5.99717117276122, 0.8670748472808167
6.001170206936245, 0.8906478814654146
6.004877706734758, 0.9143151614696448
6.008292049093515, 0.9380718152382378
6.01141169492783, 0.9619129434022504
6.014235189589986, 0.9858336207303084
6.016761163302572, 1.0098288975875345
6.018988331566608, 1.0338938014017334
6.0209154955443305, 1.0580233381363855
6.022541542416539, 1.0822124937700306
6.023865445714383, 1.1064562357815821
6.024886265625511, 1.1307495146411475
6.02560314927446, 1.1550872653058972
6.02601533097723, 1.1794644087205501
6.026122132469953, 1.2038758533220224
6.025922963111606, 1.2283164965477922
6.025417320060666, 1.2527812263475413
6.0246047884257194, 1.2772649226976078
6.023485041389912, 1.3017624591178172
6.022057840309261, 1.3262687041902304
6.020323034784753, 1.350778523079364
6.0182805627082505, 1.375286779053422
6.015930450282149, 1.3997883350060984
6.013272812012811, 1.424278054978488
6.010307850677771, 1.448750805680662
6.007035857266711, 1.4732014580124506
6.003457210896238, 1.497624888582986
5.999572378698478, 1.522015981228541
5.995381915683524, 1.5463696285282311
5.9908864645757856, 1.570680733317119
5.986086755624274, 1.5949442101962754
5.9809836063868875, 1.6191549870393347
5.975577921488767, 1.6433080064951238
5.969870692354787, 1.6673982274858903
5.963862996916246, 1.691420626700705
5.9575559992918885, 1.7153702000835875
5.950950949443293, 1.7392419643159038
5.944049182804781, 1.7630309582926098
5.936852119887932, 1.7867322445918976
5.929361265860813, 1.8103409109378092
5.921578210102076, 1.8338520716553683
5.913504625730031, 1.8572608691178227
5.905142269106847, 1.8805624751855468
5.8964929793180225, 1.9037520926361884
5.887558677627282, 1.9268249565856344
5.878341366907064, 1.9497763358993554
5.868843131044768, 1.9726015345937418
5.859066134324927, 1.995295893226981
5.849012620787509, 2.0178547902790984
5.838684913562512, 2.0402736435207105
5.828085414181087, 2.0625479113701193
5.817216601863352, 2.084673094238329
5.80608103278313, 2.1066447358615816
5.79468133930984, 2.128458424621033
5.783020229227751, 2.1501097948491483
5.771100484932816, 2.1715945281224602
5.758924962607373, 2.1929083545402843
5.746496591372895, 2.2140470539890234
5.733818372421107, 2.2350064573916737
5.720893378123667, 2.255782447942175
5.7077247511207165, 2.2763709623242265
5.69431570338856, 2.2967679919142165
5.6806695152867395, 2.316969583967897
5.6667895345848045, 2.336971842790459
5.65267917546906, 2.3567709308896623
5.63834191752957, 2.3763630701116667
5.62378130472776, 2.395744542759241
5.609000944344872, 2.414911692692005
5.5940045059116335, 2.4338609264083817
5.5787957201194205, 2.4525887141089484
5.5633783777132635, 2.4710915907408504
5.547756328367009, 2.489366157022991
5.531933479540984, 2.5074090804516644
5.5159137953224935, 2.5252170962863674
5.499701295249496, 2.5427870085154614
5.483300053117813, 2.56011569080143
5.466714195772224, 2.577200087405424
5.449947901881797, 2.5940372140908368
5.433005400699837, 2.6106241590056376
5.415890970808807, 2.6269580835431965
5.398608938850588, 2.6430362231813502
5.381163678242482, 2.6588558882994517
5.363559607879313, 2.674414464973172
5.345801190822024, 2.6897094157468113
5.32789293297315, 2.7047382803828905
5.309839381739579, 2.7194986765887967
5.291645124682981, 2.7339883007202763
5.273314788158314, 2.7482049284615617
5.254853035940802, 2.762146415481923
5.236264567841811, 2.7758106980684647
5.217554118314017, 2.789195793734957
5.1987264550462955, 2.8022998018065515
5.179786377548723, 2.8151209039801737
5.160738715728156, 2.827657364860457
5.141588328454759, 2.8399075324710292
5.122340102119951, 2.851869838741031
5.102998949186175, 2.8635427999666896
5.08356980672892, 2.874925017247839
5.064057634971444, 2.8860151768992397
5.044467415812628, 2.8968120508365782
5.024804151348383, 2.9073144969370386
5.005072862387084, 2.9175214593743295
4.985278586959414, 2.927431968928078
4.9654263788231425, 2.937045143267485
4.945521305963197, 2.9463601872091725
4.925568449087543, 2.955376392949132
4.9055729001192665, 2.964093140268718
4.885539760685343, 2.9725098967146173
4.865474140602534, 2.9806262177527376
4.845381156360839, 2.9884417468959854
4.825265929604995, 2.995956215805872
4.8051335856144215, 3.003169444367942
4.78498925178212, 3.0100813407409825
4.764838056092932, 3.0166919013800046
4.744685125601638, 3.0230012110330002
4.724535584911334, 3.0290094427114567
4.70439455465254, 3.0347168576346557
4.684267149963507, 3.0401238051477577
4.66415847897215, 3.045230722613712
4.644073641280078, 3.0500381352790082
4.624017726449151, 3.0545466561133243
4.603995812491047, 3.058756985623104
4.584012964360253, 3.062669911639137
4.56407423245094, 3.0662863090781824
4.544184651098183, 3.0696071396787277
4.524349237083939, 3.072633451710951
4.504572988148274, 3.0753663796609696
4.484860881506229, 3.0778071438894816
4.465217872370809, 3.079957050264883
4.445648892482498, 3.0818174897709953
4.426158848645773, 3.0833899380894856
4.406752621273022, 3.0846759551571434
4.387435062936316, 3.085677184698108
4.368210996927451, 3.086395353731214
4.34908521582671, 3.0868322720525816
4.330062480080742, 3.086989831693621
4.311147516590006, 3.0868700063545993
4.292345017306186, 3.0864748508139446
4.2736596378399865, 3.085806500313463
4.255095996079756, 3.0848671699196495
4.236658670821297, 3.0836591538612845
4.218352200409322, 3.0821848248435053
4.200181081390917, 3.080446633338571
4.182149767181443, 3.078447106853517
4.164262666743251, 3.0761888491749225
4.146524143277619, 3.0736745395910203
4.128938512930288, 3.070906932091372
4.111510043510985, 3.0678888545443463
4.094242953227317, 3.0646232078526556
4.077141409433409, 3.0611129650871907
4.06020952739366, 3.0573611705994126
4.043451369061977, 3.0533709391125714
4.026870941876863, 3.049145454792016
4.010472197572708, 3.044687970294871
3.994259031007624, 3.040001805799372
3.978235279008218, 3.0350903480141325
3.962404719231571, 3.0299570491676517
3.9467710690448463, 3.0246054259783532
3.93133798442279, 3.0190390586054683
3.9161090588634884, 3.0132615895810666
3.9010878223227, 3.00727672272356
3.886277740167065, 3.001088222033002
3.8716822121465233, 2.994699910568498
3.857304571386222, 2.988115669308085
3.843148083398241, 2.9813394359913907
3.829215945113399, 2.9743752039454345
3.81551128393346, 2.9672270208939215
3.8020371568039906, 2.959898987750366
3.7887965493081652, 2.952395257395419
3.7757923747817825, 2.944720033438756
3.763027473449754, 2.9368775689658966
3.7505046115843186, 2.9288721652703247
3.7382264806852428, 2.9207081705712845
3.7261956966822423, 2.912389978717644
3.71441479915986, 2.9039220278781936
3.7028862506050437, 2.8953087992187885
3.6916124356776283, 2.886554815566713
3.6805956605039585, 2.8776646400626675
3.6698381519938423, 2.868642874800784
3.659342057181061, 2.8594941594570704
3.6491094425876023, 2.850223169906685
3.639142293611843, 2.8408346168304672
3.629442513940824, 2.8313332443111228
3.6200119249868195, 2.8217238284194894
3.6108522653483597, 2.8120111757912998
3.6019651902958616, 2.8022001221948707
3.593352271282027, 2.7922955310901307
3.585014995477155, 2.782302292179432
3.576954765329499, 2.772225319950559
3.569172898150806, 2.762069552212385
3.5616706257271598, 2.751839948623593
3.5544490939552373, 2.7415414892149164
3.547509362504098, 2.731179172905321
3.540852404502603, 2.720758016012588
3.53447910625254, 2.7102830507587194
3.528390266967567, 2.6997593237706305
3.522586598538039, 2.68919189457656
3.5170687253217743, 2.6785858340986515
3.51183718396085, 2.6679462231421542
3.5068924232244605, 2.6572781508816847
3.50223480387789, 2.6465867133450196
3.4978645985776455, 2.6358770118948307
3.4937819917927726, 2.6251541517088657
3.4899870797523764, 2.6144232402589815
3.486479870419379, 2.6036893857895
3.483260283490497, 2.5929576957953455
3.4803281504224604, 2.5822332755004047
3.477683214484455, 2.5715212263365617
3.475325130836768, 2.5608266444238645
3.4732534666356294, 2.55015461905228
3.471467701164201, 2.5395102311654716
3.469967225989688, 2.528898551847067
3.4687513451465075, 2.518324640809856
3.467819275345489, 2.5077935448883717
3.4671701462090145, 2.4973102965353062
3.4668030005320434, 2.4868799123221916
3.4667167945689528, 2.476507391444814
3.4669103983460805, 2.466197714233794
3.4673825959999105, 2.4559558406707622
3.468132086140777, 2.44578670891061
3.4691574822419917, 2.435695233810199
3.4704573130542684, 2.4256863054640205
3.4720300230453316, 2.4157647877472104
3.4738739728645758, 2.4059355168663465
3.4759874398326285, 2.3962032999184912
3.478368618455689, 2.3865729134588634
3.4810156209644694, 2.3770491020776103
3.4839264778776, 2.367636576986074
3.487099138589307, 2.3583400146129674
3.49053147198121, 2.34916405521091
3.494221267058049, 2.3401133014736972
3.4981662336071406, 2.3311923171647466
3.502364002881395, 2.3224056257571126
3.506812128305655, 2.3137577090854657
3.511508086206182, 2.3052530060104655
3.5164492765630486, 2.2968959110958913
3.521633023785223, 2.2886907732989474
3.5270565775081137, 2.280641894674122
3.5327171134133404, 2.2727535290909775
3.5386117340704826, 2.2650298809662748
3.5447374698005554, 2.2574751040107923
3.5510912795609664, 2.2500932999912044
3.5576700518516713, 2.242888517507414
3.564470605642285, 2.2358647507856726
3.5714896913198437, 2.22902593848787
3.5787239916569593, 2.2223759625373356
3.5861701228000706, 2.215918646961495
3.5938246352774934, 2.2096577567517492
3.6016840150269744, 2.2035969967408793
3.6097446844424446, 2.1977400104983453
3.6180030034396555, 2.1920903792437914
3.6264552705403936, 2.1866516207790676
3.6350977239749316, 2.1814271884391165
3.6439265428024097, 2.1764204700620082
3.652937848048799, 2.1716347869784407
3.662127703862111, 2.1670733930210155
3.6714921186845273, 2.1627394735535597
3.68102704644107, 2.158636144520803
3.6907283877444828, 2.15476645151869
3.7005919911159664, 2.1511333688855894
3.710613654221383, 2.1477397988146887
3.7207891251225904, 2.1445885704878243
3.7311141035435167, 2.1416824392310128
3.7415842421505965, 2.139024085691929
3.752195147847206, 2.1366161150395806
3.762942383081693, 2.1344610561864092
3.773821467168626, 2.1325613610330603
3.7848278776228677, 2.1309194037360317
3.7959570515060608, 2.1295374799984352
3.807204386785162, 2.128417806384068
3.818565243702574, 2.127562519655004
3.8300349461575105, 2.1269736761329
3.8416087830981565, 2.126653251084213
3.853282009924217, 2.126603138129496
3.8650498498994517, 2.126825148676969
3.8769074955737484, 2.1273210113805128
3.8888501102143387, 2.1280923716222584
3.9008728292457193, 2.1291407910199314
3.912970761697844, 2.130467746959074
3.9251389916621724, 2.1320746321503137
3.9373725797551353, 2.13396275421179
3.9496665645885636, 2.136133335276868
3.962015964246691, 2.1385875116272604
3.9744157777692295, 2.141326333351657
3.9868609866401337, 2.1443507640299755
3.9993465562815724, 2.1476616804433197
4.011867437552682, 2.151259872309729
4.0244185682526625, 2.155146042045806
4.0369948746277355, 2.1593208045542847
4.049591272881571, 2.163784687037611
4.062202670688676, 2.168538128837581
4.074823968710343, 2.173581481301091
4.087450062112668, 2.1789150076720425
4.100075842086237, 2.1845388830094254
4.112696197366958, 2.190453194131605
4.125306015757667, 2.196657939586845
4.137900185649992, 2.203153029650044
4.150473597546057, 2.209938286345724
4.1630211455795605, 2.217013443497236
4.17553772903578, 2.2243781468021737
4.18801825387006, 2.2320319539339843
4.200457634224308, 2.239974334669737
4.212850793941078, 2.248204671044009
4.225192668074772, 2.2567222575288524
4.2374782043995, 2.2655263012397757
4.249702364913199, 2.2746159221676954
4.261860127337498, 2.2839901534367693
4.273946486612935, 2.293647941588059
4.2859564563890595, 2.3035881468889094
4.29788507050897, 2.313809543667972
4.309727384487881, 2.324310820675773
4.321478476985229, 2.3350905814707126
4.333133451269919, 2.3461473448303694
4.344687436678272, 2.3574795451880215
4.356135590064212, 2.369085533094216
4.3674730972413025, 2.3809635757032748
4.378695174416169, 2.3931118572845897
4.389797069612904, 2.4055284797585337
4.400774064088018, 2.418211463256866
4.411621473735521, 2.4311587467074225
4.422334650481729, 2.4443681884429598
4.432908983669348, 2.4578375668339363
4.443339901430461, 2.4715645809450595
4.453622872047996, 2.4855468512154113
4.463753405305255, 2.4997819201619262
4.473727053823133, 2.5142672531060413
4.483539414384602, 2.5290002389232806
4.493186129246081, 2.5439781908155488
4.502662887435306, 2.559198347105941
4.511965426035296, 2.5746578720557824
4.521089531454056, 2.590353856703682
4.530031040679622, 2.6062833197263617
4.538785842520085, 2.6224432083209743
4.54734987882822, 2.638830399108673
4.555719145710369, 2.655441699059163
4.5638896947191885, 2.6722738464359335
4.5718576340299455, 2.689323511761933
4.579619129599986, 2.7065872988053536
4.587170406311042, 2.7240617455852796
4.594507749094032, 2.741743325396855
4.601627504036022, 2.7596284478556954
4.608526079469034, 2.7777134599612374
4.615199947040342, 2.795994647178673
4.62164564276398, 2.8144682345391976
4.627859768053117, 2.833130387758208
4.633838990733011, 2.851977214371119
4.639580046034233, 2.8710047648864983
4.645079737565865, 2.8902090339561286
4.650334938268385, 2.9095859615616746
4.655342591345969, 2.9291314342176102
4.660099711177895, 2.9488412861900204
4.664603384208833, 2.968711300730955
4.668850769817702, 2.9887372113279165
4.672839101164871, 3.0089147029681613
4.676565686017449, 3.0292394134174176
4.6800279075523985, 3.0497069345126135
4.683223225137254, 3.0703128134682918
4.686149175088204, 3.091052554196264
4.6888033714053154, 3.111921618638136
4.6911835064846885, 3.132915428110326
4.693287351807301, 3.1540293646611475
4.695112758604378, 3.175258772439554
4.696657658499065, 3.1965989590751764
4.697920064124215, 3.218045197069187
4.698898069716112, 3.239592725195629
4.699589851683949, 3.2612367499127624
4.6999936691549085, 3.282972446784008
4.700107864494645, 3.3047949619080987
4.699930863803058, 3.3266994133579635
4.699461177385188, 3.3486808926279705
4.698697400197088, 3.3707344660890466
4.697638212266555, 3.392855176451284
4.696282379088587, 3.4150380442335835
4.6946287519954435, 3.4372780692398726
4.692676268501216, 3.4595702320415214
4.690423952620792, 3.481909495465443
4.687870915163107, 3.5042908060874844
4.685016353998643, 3.5267090957306597
4.6818595543010275, 3.5491592829677634
4.678399888762726, 3.5716362746279118
4.67463681778471, 3.594134967306614
4.670569889640091, 3.6166502488788446
4.66619874061163, 3.639177000014752
4.6615230951031155, 3.66171009569749
4.656542765724553, 3.6842444067427405
4.651257653351153, 3.706774801319502
4.645667747156101, 3.72929614647164
4.639773124617088, 3.7518033096398073
4.633573951496618, 3.774291160183218
4.627070481796073, 3.7967545709008927
4.620263057683582, 3.8191884195518497
4.613152109395679, 3.8415875903738543
4.605738155112812, 3.86394697560024
4.5980218008087155, 3.8862614769743566
4.59000374007371, 3.908526007261187
4.581684753911966, 3.9307354917557222
4.573065710512796, 3.9528848697875913
4.5641475649960555, 3.9749690962215327
4.554931359131711, 3.996983142953269
4.545418221033671, 4.018922000400299
4.535609364827957, 4.040780678987222
4.52550609029533, 4.062554210625098
4.515109782488476, 4.084237650184436
4.504421911323834, 4.105826076961375
4.4934440311482495, 4.12731459613659
4.4821777802805105, 4.148698340226544
4.4706248805279625, 4.169972470526584
4.458787136678303, 4.191132178545527
4.446666435966737, 4.212172687431245
4.434264747518633, 4.233089253386872
4.42158412176785, 4.253877167077189
4.40862668985091, 4.274531755024771
4.395394662977203, 4.295048380995484
4.381890331775396, 4.315422447372926
4.368116065616241, 4.335649396521403
4.354074311912019, 4.355724712137005
4.3397675953927575, 4.375643920586441
4.3251985173595235, 4.3954025922331725
4.310369754914935, 4.414996342750494
4.295284060171161, 4.434420834421154
4.279944259435662, 4.453671777423113
4.264353252374851, 4.472744931101117
4.248514011155994, 4.491636105223609
4.232429579567548, 4.510341161224725
4.216103072118241, 4.5288560134308895
4.199537673115133, 4.547176630271735
4.18273663572095, 4.565299035474933
4.16570328099094, 4.583219309244615
4.148440996889601, 4.60093358942299
4.13095323728749, 4.618438072634878
4.113243520938485, 4.635729015414742
4.095315430437751, 4.652802735315963
4.07717261116075, 4.66965561200196
4.0588187701836125, 4.6862840883188674
4.040257675185148, 4.702684671349458
4.021493153330899, 4.718853933447962
4.00252909013947, 4.734788513255512
3.9833694283315673, 4.750485116695897
3.964018166662031, 4.765940517951314
3.9444793587352067, 4.78115156041787
3.924757111804049, 4.796115157640483
3.9048555855532685, 4.810828294226997
3.884778990866913, 4.82528802674114
3.8645315885807454, 4.8394914845741255
3.8441176882197725, 4.853435870794626
3.823541646721305, 4.867118462976853
3.802807867143967, 4.880536614006496
3.781920797362957, 4.893687752864301
3.7608849287520445, 4.906569385387042
3.739704794852606, 4.919179095005655
3.718384970030163, 4.931514543460324
3.69693006811879, 4.943573471492307
3.6753447410537747, 4.95535369951229
3.653633677493004, 4.966853128245073
3.631801601427402, 4.978069739350397
3.6098532707808912, 4.989001596019739
3.5877934760002925, 4.9996468435488595
3.5656270386355233, 5.010003709885994
3.543358809910602, 5.020070506155455
3.52099366928581, 5.029845627156562
3.4985365230114778, 5.039327551837678
3.475992302673826, 5.048514843745275
3.4533659637332565, 5.05740615144785
3.430662484055583, 5.066000208934594
3.407886862436588, 5.074295835988682
3.3850441171203642, 5.082291938535073
3.3621392843119087, 5.089987508962721
3.3391774166843415, 5.097381626421103
3.3161635818812703, 5.10447345709097
3.2931028610147015, 5.111262254429237
3.2700003471589385, 5.117747359387963
3.246861143840958, 5.123928200607319
3.2236903635276497, 5.129804294582516
3.200493126110435, 5.135375245804637
3.1772745573876735, 5.140640746875316
3.1540397875453032, 5.145600578595251
3.130793949636208, 5.150254610026517
3.107542178058712, 5.154602798528647
3.0842896070346915, 5.158645189768499
3.0610413690877567, 5.162381917703868
3.0378025935218993, 5.165813204540895
3.0145784049011537, 5.168939360665233
2.9913739215306347, 5.171760784547036
2.9681942539394424, 5.174277962619775
2.9450445033659065, 5.176491469132922
2.9219297602455594, 5.17840196597854
2.898855102702352, 5.180010202491852
2.875825595043523, 5.181317015225815
2.8528462862585635, 5.182323327699799
2.8299222085227673, 5.183030150122419
2.8070583757057452, 5.183438579088627
2.784259781885407, 5.183549797251124
2.761531399867835, 5.1833650729662235
2.7388781797134434, 5.182885759914245
2.7163050472699517, 5.182113296694562
2.69381690271251, 5.1810492063954285
2.671418619091485, 5.179695096138691
2.6491150408883124, 5.1780526565995615
2.626910982579808, 5.176123661501545
2.6048112272114445, 5.173909967086709
2.5828205249799296, 5.171413511561437
2.5609435918255827, 5.168636314517837
2.5391851080348724, 5.16558047633096
2.5175497168535528, 5.1622481775320335
2.496042023110821, 5.158641678157882
2.4746665918548962, 5.154763317076723
2.453427947000394, 5.150615511290544
2.432330569987971, 5.146200755214284
2.4113788984565496, 5.141521619931994
2.390577324928592, 5.1365807524302465
2.369930195508778, 5.131380874808979
2.349441808596463, 5.125924783470036
2.3291164136123395, 5.120215348283632
2.30895820973963, 5.11425551173299
2.288971344680232, 5.108048288037418
2.269159913426157, 5.101596762254062
2.2495279570466225, 5.094904089358633
2.230079461491198, 5.0879734933053475
2.2108183564092982, 5.08080826606639
2.1917485139864423, 5.073411766651162
2.17287374779756, 5.06578742010563
2.154197811677751, 5.057938716492038
2.135724398610761, 5.0498692098493265
2.1174571396355777, 5.041582517134533
2.099399602771407, 5.033082317145517
2.0815552919614064, 5.024372349425295
2.063927646035433, 5.015456413148358
2.0465200376921615, 5.006338365989248
2.0293357725008603, 4.997022122973789
2.012378087923088, 4.987511655313247
1.9956501523546728, 4.977810989221832
1.9791550641881757, 4.96792420471785
1.9628958508961927, 4.9578554344088595
1.946875468135712, 4.947608862261244
1.9310967988738192, 4.937188722354487
1.9155626525350096, 4.926599297620594
1.9002757641703434, 4.915844918568988
1.8852387936487296, 4.904929961997283
1.8704543248705137, 4.893858849688298
1.8559248650036837, 4.8826360470937304
1.8416528437428437, 4.871266062004828
1.82764061259124, 4.859753443210525
1.813890444166001, 4.8481027791433595
1.8004045315268384, 4.836318696513661
1.787184987528377, 4.824405858932334
1.7742338441963286, 4.8123689655226976
1.7615530521276888, 4.80021274952179
1.7491444799151212, 4.787941976871512
1.7370099135957233, 4.775561444800099
1.7251510561243186, 4.7630759803942615
1.713569526871439, 4.750490439162489
1.702266861146156, 4.737809703589904
1.6912445097438793, 4.725038681685099
1.6805038385192803, 4.712182305519416
1.670046127984455, 4.699245529759054
1.659872572932447, 4.6862333301904915
1.6499842820862463, 4.673150702239628
1.6403822777733696, 4.660002659485104
1.631067495626101, 4.646794232166218
1.6220407843075204, 4.633530465685919
1.6133029052633465, 4.620216419109277
1.60485453249973, 4.606857163657929
1.596696252387006, 4.593457781200879
1.5888285634895054, 4.58002336274218
1.5812518764214516, 4.566559006905882
1.5739665137289949, 4.553069818418735
1.5669727097984283, 4.5395609065910705
1.56027061079058, 4.526037383796342

Saturn positions:
8.57, 0.0
8.570146922589279, -0.011625880193516826
8.570587646213054, -0.023246640608787603
8.571322038452266, -0.034857162989404444
8.572349878652187, -0.046452332122183644
8.573670857988011, -0.05802703735764733
8.575284579556595, -0.06957617412914927
8.577190558494404, -0.08109464547019299
8.579388222121592, -0.09257736352949197
8.581876910112147, -0.10401925108332104
8.584655874690114, -0.11541524304471007
8.587724280851782, -0.12676028796903172
8.591081206613806, -0.1380493495555348
8.59472564328715, -0.1492774081443789
8.598656495776817, -0.1604394622087234
8.602872582907244, -0.17153052984142936
8.607372637773269, -0.1825456502359309
8.612155308116584, -0.1934798851608377
8.617219156727543, -0.20432832042782906
8.62256266187221, -0.215086067352404
8.628184217744526, -0.22574826420705332
8.63408213494346, -0.2363100776664221
8.640254640974991, -0.2467667042440322
8.646699880778785, -0.25711337172013937
8.653415917279416, -0.2673453405602994
8.66040073196193, -0.27745790532422254
8.667652225471636, -0.2874463960644972
8.675168218237907, -0.29730617971476747
8.682946451121806, -0.3070326614669523
8.690984586087373, -0.3166212861370965
8.699280206896342, -0.32606753951944795
8.707830819826102, -0.33536694972835857
8.716633854410679, -0.34451508852761153
8.725686664204522, -0.3535075726467775
8.734986527568866, -0.36234006508421046
8.744530648480431, -0.3710082763962951
8.754316157362238, -0.379507965972564
8.764340111936274, -0.3878349432963034
8.774599498097746, -0.39598506919027576
8.7850912308107, -0.4039542570471861
8.795812155024704, -0.4117384740445293
8.806759046612335, -0.41933374234345533
8.817928613327194, -0.4267361402712966
8.82931749578216, -0.4339418034874074
8.840922268447605, -0.44094692613196695
8.852739440669238, -0.44774776195740634
8.864765457705325, -0.4543406254421223
8.876996701782943, -0.46072189288614684
8.889429493172962, -0.46688800348844905
8.902060091283426, -0.47283546040554497
8.914884695771052, -0.47856083179110526
8.927899447670441, -0.4840607518162495
8.94110043054074, -0.48933192167022377
8.954483671629362, -0.49437111054116567
8.968045143052457, -0.4991751565766644
8.981780762991756, -0.5037409678238289
8.995686396907422, -0.5080655231485898
9.009757858766614, -0.5121458731339539
9.023990912287294, -0.5159791409569541
9.038381272197014, -0.5195625232440251
9.052924605506236, -0.5228932909045565
9.067616532795823, -0.5259687899423733
9.082452629518352, -0.5287864422449041
9.09742842731282, -0.5313437463498002
9.112539415332366, -0.5336382781887801
9.127781041584624, -0.5356676918084773
9.143148714284305, -0.5374297200680778
9.158637803217596, -0.5389221753135383
9.174243641117984, -0.5401429500281879
9.18996152505308, -0.5410900174595176
9.205786717822054, -0.5417614322219698
9.221714449363251, -0.5421553308755547
9.237739918171545, -0.5422699324801143
9.253858292725093, -0.5421035391250749
9.270064712920941, -0.5416545364345275
9.286354291519174, -0.5409213940474881
9.302722115595106, -0.539902666073192
9.319163247999107, -0.5385969915212927
9.335672728823628, -0.5370030947068305
9.352245576876989, -0.5351197856298551
9.368876791163496, -0.532945960329589
9.385561352369434, -0.5304806012130244
9.402294224354508, -0.5277227773578573
9.419070355648284, -0.5246716447896697
9.43588468095119, -0.5213264467332754
9.452732122639617, -0.5176865138381563
9.469607592274686, -0.513751264377922
9.486505992114235, -0.5095202044237324
9.503422216627564, -0.5049929279916336
9.520351154012493, -0.5001691171637617
9.537287687714288, -0.49504854218337835
9.554226697946001, -0.48963106152371194
9.571163063209776, -0.48391662193058216
9.588091661818629, -0.47790525843879383
9.605007373418346, -0.471597094362301
9.621905080508924, -0.46499234125813516
9.638779669965215, -0.4580912988641177
9.655626034556217, -0.4508943550103671
9.672439074462671, -0.4434019855046354
9.689213698792413, -0.43561475399149696
9.705944827093091, -0.42753331178544485
9.722627390861792, -0.4191583976779317
9.739256335051083, -0.4104908377184212
9.75582661957109, -0.40153154496951216
9.772333220787123, -0.3922815192362048
9.788771133012402, -0.3827418467693978
9.805135369995451, -0.37291369994369417
9.821420966401737, -0.3627983369096208
9.837622979289076, -0.35239710122035806
9.85373648957638, -0.3417114214330951
9.869756603505339, -0.3307428106851258
9.885678454094553, -0.31949286624481565
9.901497202585729, -0.30796326903756677
9.917208039881475, -0.2961557831469285
9.932806187974293, -0.2840722552909971
9.948286901366336, -0.27171461427426213
9.963645468479482, -0.2590848704150627
9.978877213055375, -0.24618511494882223
9.99397749554491, -0.2330175194072408
10.008941714486875, -0.21958433497362617
10.023765307875232, -0.2058878918145629
10.03844375451469, -0.1919305983881059
10.052972575364151, -0.1777149407287152
10.067347334867636, -0.16324348170914038
10.08156364227227, -0.14851886027946914
10.09561715293299, -0.13354379068357836
10.109503569603518, -0.11832106165320289
10.123218643713269, -0.10285353557988008
10.136758176629801, -0.087144147665002
10.150118020906401, -0.07119590504823592
10.163294081514492, -0.0550118859145694
10.17628231706046, -0.03859523858024161
10.189078740986512, -0.02194918055784212
10.201679422755292, -0.005076997600842681
10.214080489017816, 0.012017957272139612
10.226278124764415, 0.029332264773077488
10.238268574458367, 0.046862440359947466
10.250048143151837, 0.06460493527154276
10.261613197583822, 0.08255613758136138
10.272960167259763, 0.10071237327026616
10.28408554551252, 0.11906990731759559
10.294985890544359, 0.13762494481039655
10.30565782644969, 0.1563736320704583
10.316098044218199, 0.17531205779880132
10.32630330271814, 0.19443625423729372
10.336270429659413, 0.21374219834703934
10.345996322536227, 0.23322581300319478
10.355477949549012, 0.2528829682058542
10.364712350505307, 0.27270948230664693
10.373696637699403, 0.2927011232506823
10.382427996770419, 0.3128536098334702
10.390903687538605, 0.3331626129724491
10.39912104481959, 0.3536237569927342
10.407077479216358, 0.3742326209267167
10.414770477888693, 0.39498473982711646
10.42219760529989, 0.41587560609310653
10.429356503940483, 0.43690067080910583
10.436244895028798, 0.4580553450958539
10.442860579188114, 0.47933500147335684
10.449201437100225, 0.5007349752353039
10.455265430135215, 0.5222505658345467
10.461050600957266, 0.5438770382792233
10.466555074106294, 0.5656096245391239
10.471777056555274, 0.5874435249618672
10.476714838243069, 0.6093739096984785
10.481366792582598, 0.631395920137934
10.485731376944209, 0.6535046703502565
10.4898071331141, 0.6756952485377268
10.493592687727666, 0.6979627184937798
10.497086752677628, 0.7203021210691586
10.50028812549683, 0.7427084756448766
10.503195689715591, 0.7651767816115687
10.505808415193503, 0.7877020198547747
10.508125358425584, 0.8102791542457293
10.510145662822675, 0.8329031331371971
10.511868558966029, 0.8555688908639295
10.513293364835985, 0.8782713492472788
10.51441948601468, 0.901005419103535
10.515246415862736, 0.9237660017555331
10.515773735669848, 0.9465479905470754
10.516001114779264, 0.9693462723597317
10.515928310686098, 0.9921557291315559
10.515555169109437, 1.0149712393772736
10.514881624038251, 1.037787679709483
10.513907697751065, 1.0605999263604275
10.51263350080941, 1.083402856703873
10.511059232025008, 1.1061913507766545
10.509185178400795, 1.128960292799425
10.507011715045673, 1.1517045726961685
10.504539305063126, 1.1744190876120066
10.501768499413693, 1.1970987434288713
10.498699936751292, 1.2197384562785756
10.495334343233548, 1.2423331540528435
10.49167253230606, 1.2648777779098361
10.487715404460793, 1.2873672837767483
10.483463946968545, 1.3097966438480044
10.478919233585684, 1.3321608480786324
10.474082424235139, 1.3544549056723554
10.468954764661834, 1.3766738465639579
10.46353758606259, 1.3988127228955032
10.457832304690635, 1.4208666104859413
10.451840421434872, 1.4428306102936967
10.445563521373963, 1.4646998498717663
10.43900327330542, 1.4864694848149327
10.432161429249824, 1.5081347001986338
10.425039823930284, 1.5296907120090801
10.41764037422736, 1.5511327685641874
10.40996507860956, 1.5724561519248925
10.402016016539584, 1.5936561792964565
10.39379534785652, 1.6147282044193134
10.385305312134145, 1.6356676189490755
10.376548228015544, 1.6564698538252598
10.367526492524226, 1.677130380628351
10.35824258035195, 1.697644712924785
10.348699043123492, 1.7180084075994546
10.338898508638525, 1.738217066175355
10.328843680090886, 1.7582663361199486
10.31853733526543, 1.7781519121378906
10.307982325712732, 1.797869537449716
10.297181575901854, 1.8174150050561106
10.286138082351467, 1.8367841589873886
10.27485491273954, 1.8559728955378079
10.263335204991911, 1.874977164484362
10.251582166349968, 1.8937929702896708
10.239599072417734, 1.9124163732886301
10.227389266188652, 1.9308434908584555
10.214956157052338, 1.949070498571778
10.20230321978161, 1.9670936313324476
10.18943399350007, 1.9849091844937115
10.17635208063061, 2.002513514958422
10.163061145825052, 2.019903042260963
10.149564914875352, 2.0370742496305665
10.135867173606599, 2.0540236850356974
10.121971766752198, 2.070747962209212
10.107882596811532, 2.087243761653962
10.093603622890493, 2.103507831628571
10.079138859525141, 2.119536989113073
10.064492375488948, 2.1353281207541315
10.049668292583883, 2.150878183789562
10.034670784415773, 2.1661842069518684
10.019504075154252, 2.1812432913505524
10.004172438277696, 2.196052611332906
9.988680195303486, 2.2106094153230442
9.97303171450404, 2.2249110266389267
9.957231409608912, 2.2389548442871305
9.941283738493397, 2.252738343735126
9.925193201854025, 2.2662590776608424
9.908964341871332, 2.2795146766792804
9.892601740860302, 2.292502850045977
9.876110019908868, 2.305221386337097
9.859493837504923, 2.3176681541059616
9.842757888152203, 2.3298411025158074
9.825906900975454, 2.3417382619485934
9.808945638315343, 2.353357744589681
9.791878894313479, 2.3646977449882014
9.774711493487981, 2.3757565405929544
9.757448289300044, 2.3865324922636697
9.740094162711879, 2.3970240447574884
9.722654020736496, 2.4072297271905128
9.705132794979752, 2.4171481534742942
9.68753544017507, 2.426778022727121
9.669866932711312, 2.43611811965999
9.652132269154203, 2.445167314937145
9.634336464761756, 2.453924565511077
9.61648455199416, 2.4623889149318856
9.598581579018552, 2.470559493630906
9.580632608209093, 2.4784355191785243
9.56264271464288, 2.486016296516097
9.544616984592027, 2.493301218161914
9.526560514012452, 2.500289764391137
9.508478407029784, 2.506981503389661
9.49037577442283, 2.513376091381858
9.472257732105081, 2.519473272732157
9.454129399604676, 2.525272880020438
9.435995898543313, 2.5307748340912166
9.417862351114513, 2.5359791440765918
9.399733878561745, 2.540885907392972
9.3816155996568, 2.5454953097115647
9.363512629178926, 2.5498076249026402
9.345430076395132, 2.553823214953589
9.327373043542158, 2.5575425298608003
9.309346624310484, 2.5609661074953864
9.291355902330938, 2.564094573442797
9.273405949664246, 2.566928640816372
9.255501825294047, 2.569469110044885
9.237648573623787, 2.5717168686341427
9.21985122297794, 2.5736728909027136
9.202114784108014, 2.575338237691856
9.18444424870377, 2.576714056049743
9.16684458791013, 2.577801578890069
9.149320750850148, 2.578602124625142
9.131877663154564, 2.579117096773575
9.114520225498316, 2.579347983542686
9.097253312144478, 2.5792963573857346
9.080081769496047, 2.5789638745341286
9.06301041465599, 2.5783522745047343
9.046044033996028, 2.57746337958244
9.029187381734525, 2.5762990942781285
9.012445178523945, 2.5748614047622174
8.995822110048286, 2.5731523782739325
8.979322825630883, 2.5711741625064946
8.962951936853045, 2.568928984968402
8.946714016183888, 2.5664191523209947
8.930613595621791, 2.563647049692502
8.914655165347881, 2.560615139968774
8.898843172391954, 2.5573259630609058
8.883182019311196, 2.5537821351499788
8.867676062882133, 2.5499863479091402
8.852329612806189, 2.545941367703246
8.837146930429208, 2.541650034766315
8.822132227475388, 2.537115262357033
8.807289664795904, 2.5323400358925583
8.7926233511327, 2.5273274120608846
8.778137341897732, 2.522080517912031
8.763835637968057, 2.5166025499283218
8.74972218449715, 2.5108967730740366
8.73580086974277, 2.504966519824712
8.722075523911705, 2.4988151891763852
8.708549918021811, 2.4924462456350653
8.6952277627816, 2.4858632181867524
8.682112707487779, 2.4790696992482806
8.669208338941003, 2.472069343599329
8.656518180380244, 2.4648658672958943
8.644045690435991, 2.457463046565556
8.631794262102694, 2.449864716684866
8.619767221730697, 2.4420747708391914
8.60796782803796, 2.4340971589653493
8.596399271141886, 2.42593588657738
8.585064671611551, 2.417595013575807
8.573967079540564, 2.409078653040736
8.563109473640893, 2.4003909700091515
8.552494760357899, 2.391536180236778
8.542125773006838, 2.3825185489448675
8.532005270931084, 2.373342389552292
8.522135938682352, 2.364012062393314
8.512520385223137, 2.354531973421416
8.5031611431516, 2.344906572899575
8.494060667949162, 2.3351403540773723
8.485221337251009, 2.3252378518553325
8.47664545013972, 2.3152036414368795
8.468335226462244, 2.3050423369683255
8.460292806170418, 2.294758590167282
8.452520248685227, 2.2843570889399136
8.445019532284988, 2.2738425559874336
8.437792553517651, 2.263219747402262
8.430841126637382, 2.2524934512542645
8.424166983065595, 2.2416684861674856
8.417771770876609, 2.2307496998878094
8.411657054308055, 2.2197419678419603
8.405824313296202, 2.2086501916882813
8.40027494303634, 2.197479297859724
8.395010253568323, 2.186234236099464
8.390031469387434, 2.1749199779896067
8.38533972908066, 2.163541515473389
8.380936084988498, 2.1521038593713384
8.376821502892376, 2.140612037891826
8.372996861727819, 2.129071095136446
8.36946295332338, 2.117486089600676
8.366220482165508, 2.1058620926702627
8.363270065189315, 2.094204187113772
8.360612231595399, 2.082517465571763
8.358247422692706, 2.0708070290430247
8.356175991767525, 2.0590779853683325
8.354398203978649, 2.047335447712165
8.352914236278682, 2.035584533042849
8.3517241773616, 2.0238303606115675
8.350828027636513, 2.012078050430691
8.350225699227659, 2.0003327217518794
8.349917016000651, 1.9885994915444198
8.349901713614916, 1.9768834729742333
8.350179439602373, 1.9651897738840105
8.350749753472291, 1.9535234952749407
8.351612126842287, 1.9418897297904603
8.352765943595456, 1.9302935602024958
8.35421050006356, 1.9187400579006302
8.355945005236249, 1.9072342813846572
8.3579685809962, 1.8957812747609712
8.360280262380188, 1.8843860662432166
8.362878997865911, 1.8730536666576814
8.365763649684574, 1.8617890679538396
8.368932994159088, 1.8505972417205079
8.372385722067778, 1.8394831377080636
8.376120439033539, 1.8284516823571302
8.380135665938276, 1.817507777334206
8.38442983936253, 1.806656298074654
8.389001312050151, 1.7959020923334685
8.39384835339788, 1.7852499787442926
8.398969149969712, 1.7747047453870637
8.404361806035842, 1.7642711483647564
8.410024344136096, 1.753953910389619
8.415954705667627, 1.7437577193793259
8.422150751496723, 1.733687227063486
8.42861026259456, 1.7237470476008814
8.435330940696673, 1.713941756207889
8.442310408985982, 1.7042758877984654
8.449546212799167, 1.6947539356361025
8.457035820356152, 1.6853803499981714
8.46477662351253, 1.6761595368530235
8.472765938534657, 1.667095856550272
8.481001006897218, 1.658193622524621
8.489478996103017, 1.649457100013631
8.498197000524739, 1.6408905047898155
8.507152042268443, 1.6324980019074307
8.51634107205855, 1.6242837044643283
8.525760970143999, 1.6162516723792621
8.535408547225385, 1.6084059111849802
8.545280545402742, 1.600750370837487
8.55537363914371, 1.5932889445418177
8.565684436271804, 1.58602546759467
8.576209478974489, 1.5789637162442522
8.586945244830748, 1.5721074065676646
8.597888147857848, 1.5654601933661714
8.609034539577006, 1.5590256690786755
8.620380710097614, 1.5528073627137182
8.631922889219712, 1.546808738800336
8.643657247554385, 1.5410331963580677
8.655579897661749, 1.5354840678864337
8.667686895206176, 1.5301646183741777
8.679974240128441, 1.5250780443285654
8.692437877834411, 1.5202274728250376
8.705073700399957, 1.5156159605774908
8.717877547791687, 1.5112464930294633
8.730845209103185, 1.5071219834665017
8.74397242380636, 1.5032452721499645
8.757254883017538, 1.499619125472528
8.770688230777916, 1.4962462351356365
8.784268065348021, 1.4931292173491506
8.797989940515752, 1.4902706120534244
8.811849366917658, 1.4876728821640435
8.825841813373014, 1.4853384128394547
8.839962708230349, 1.483269510771693
8.854207440725979, 1.4814684035004317
8.868571362354167, 1.4799372387505483
8.883049788248504, 1.478678083793402
8.897637998574098, 1.4776929248320234
8.912331239930124, 1.476983666410388
8.927124726762393, 1.4765521308469567
8.942013642785446, 1.4764000576926481
8.95699314241377, 1.4765291032133994
8.972058352201767, 1.47694083989748
8.987204372291938, 1.4776367559877004
9.002426277870974, 1.4786182550386375
9.017719120633219, 1.4798866554990515
9.033077930251142, 1.4814431903195624
9.04849771585234, 1.4832890065857494
9.063973467502644, 1.4854251651767574
9.079500157694895, 1.4878526404495183
9.095072742842946, 1.4905723199486838
9.110686164780427, 1.4935850041423526
9.12633535226386, 1.4968914061836638
9.142015222479644, 1.5004921516983507
9.157720682554494, 1.5043877785982867
9.173446631068858, 1.5085787369210992
9.189187959572868, 1.5130653886958996
9.20493955410441, 1.5178480078351555
9.220696296708793, 1.5229267800527522
9.23645306695963, 1.5283018028082513
9.252204743480451, 1.5339730852773932
9.267946205466584, 1.5399405483488025
9.28367233420689, 1.5462040246469546
9.299378014604857, 1.5527632585813522
9.315058136698621, 1.5596179064219169
9.330707597179478, 1.566767536400576
9.346321300908398, 1.5742116288389978
9.361894162430136, 1.581949576302462
9.377421107484443, 1.5899806837797943
9.392897074513952, 1.5983041688893251
9.408317016168324, 1.6069191621108159
9.423675900804122, 1.615824707043267
9.438968713980048, 1.6250197606885564
9.45419045994708, 1.6345031937607888
9.469336163133026, 1.6442737910213003
9.48440086962109, 1.6543302516391991
9.499379648622037, 1.6646711895773347
9.51426759393942, 1.675295134003587
9.529059825427584, 1.6862005297273532
9.54375149044185, 1.6973857376610977
9.558337765280571, 1.7088490353068313
9.572813856618609, 1.7205886172673797
9.587175002931705, 1.7326025957822722
9.60141647591151, 1.7448890012881204
9.615533581870643, 1.7574457830032864
9.629521663137538, 1.7702708095366984
9.643376099440552, 1.7833618695206077
9.65709230928096, 1.7967166722671135
9.67066575129446, 1.8103328484482626
9.684091925600704, 1.8242079507994986
9.697366375140557, 1.8383394548462975
9.710484687000596, 1.8527247596537122
9.723442493724493, 1.8673611885986579
9.736235474610917, 1.882245990164686
9.748859356997512, 1.8973763387590024
9.761309917530633, 1.912749335551497
9.773582983420402, 1.928362009335551
9.785674433680764, 1.9442113174103235
9.797580200354124, 1.9602941464843044
9.80929626972026, 1.9766073135998377
9.82081868348909, 1.993147567078325
9.832143539976997, 2.0099115874858864
9.843266995266305, 2.0268959886191125
9.854185264347615, 2.0440973185106905
9.864894622244636, 2.0615120604545494
9.87539140512115, 2.0791366340502466
9.885672011369854, 2.096967396266291
9.89573290268268, 2.1150006425220558
9.905570605102314, 2.1332326077880044
9.915181710054602, 2.1516594677038574
9.924562875361527, 2.1702773397143913
9.933710826234437, 2.1890822842225495
9.942622356247298, 2.208070305759474
9.95129432828957, 2.2272373541711556
9.959723675498548, 2.2465793258213353
9.967907402170779, 2.2660920648102776
9.97584258465238, 2.2857713642091073
9.983526372207919, 2.3056129673092696
9.990955987867634, 2.3256125688868066
9.998128729252743, 2.3457658164810558
10.005041969378581, 2.3660683116873487
10.011693157435353, 2.386515611463407
10.018079819546216, 2.4071032294489716
10.024199559502549, 2.427826637298299
10.03005005947611, 2.448681266025168
10.035629080707917, 2.469662507359924
10.040934464173631, 2.4907657151182137
10.045964131225261, 2.5119862065809886
10.050716084208972, 2.533319263885353
10.055188407058811, 2.554760135425867
10.059379265866246, 2.5763040372658654
10.063286909425232, 2.597946154558386
10.066909669752736, 2.6196816429762926
10.07024596258453, 2.6415056301511344
10.073294287846107, 2.6634132171203695
10.076053230098578, 2.685399479782461
10.078521458959422, 2.707459470359456
10.080697729497972, 2.7295882188666103
10.082580882605491, 2.7517807345885843
10.084169845339778, 2.774032007561827
10.085463631244131, 2.7963370100626666
10.086461340640657, 2.8186906981006654
10.087162160897758, 2.8410880129168414
10.08756536667178, 2.8635238824862483
10.087670320122713, 2.8859932230245025
10.087476471103887, 2.9084909404978236
10.086983357325629, 2.931011932136092
10.0861906044928, 2.95355108794853
10.085097926416184, 2.9761032922415085
10.083705125097719, 2.998663425138051
10.082012090789492, 3.021226364098598
10.080018802026537, 3.043786985442534
10.0777253256334, 3.066340165870086
10.075131816704449, 3.088880783984076
10.07223851855798, 3.111403721811138
10.069045762664102, 3.133903866321895
10.065553968546423, 3.1563761109496804
10.061763643657573, 3.1788153571073354
10.057675383228615, 3.20121651570164
10.05328987009235, 3.2235745086449037
10.048607874480622, 3.245884270363317
10.043630253795621, 3.268140749301563
10.038357952355321, 3.2903389094232627
10.032792001113055, 3.31247373170683
10.026933517351381, 3.3345402156362396
10.02078370435027, 3.3565333806863302
10.014343851029775, 3.3784482678021432
10.007615331567202, 3.4002799408718856
10.00059960498901, 3.422023488193093
9.993298214737447, 3.4436740239315116
9.985712788212135, 3.465226689572327
9.977845036286704, 3.4866766553632393
9.969696752800598, 3.5080191217490295
9.961269814026274, 3.5292493207971183
9.952566178111866, 3.5503625176137517
9.943587884499545, 3.571354011750368
9.934337053319712, 3.592219138599721
9.924815884761236, 3.612953270781352
9.915026658417865, 3.633551819516016
9.904971732611088, 3.6540102359886246
9.894653543689575, 3.674324012699313
9.884074605305445, 3.694488684802248
9.873237507667563, 3.714499831431735
9.86214491677208, 3.7343530770152875
9.850799573610471, 3.754044092573214
9.839204293355282, 3.7735685970043686
9.827361964523824, 3.792922358357686
9.815275548120098, 3.812101195089091
9.802948076755165, 3.8311009773034526
9.790382653746224, 3.8499176279811795
9.777582452194737, 3.8685471241890985
9.76455071404375, 3.886985498275278
9.751290749114801, 3.9052288390474192
9.737805934124657, 3.923273292934459
9.724099711682156, 3.9411150651310765
9.710175589265482, 3.9587504207247104
9.696037138180179, 3.9761756858048036
9.681687992498162, 3.993387248553912
9.66713184797812, 4.010381560320355
9.652372460967564, 4.027155136672118
9.637413647286886, 4.043704558431649
9.62225928109573, 4.060026472691291
9.606913293742045, 4.0761175938090055
9.591379672594147, 4.091974704384105
9.575662459856122, 4.107594656212737
9.559765751366939, 4.122974371222766
9.543693695383638, 4.138110842387859
9.527450491348928, 4.1530011346204345
9.511040388643586, 4.167642385643234
9.494467685324029, 4.182031806839277
9.477736726845372, 4.196166684079928
9.460851904770488, 4.210044378530797
9.443817655465283, 4.2236623274353216
9.426638458780715, 4.237018044875698
9.40931883672186, 4.250109122511001
9.39186335210448, 4.262933230292257
9.374276607199441, 4.275488117154236
9.356563242365418, 4.287771611683796
9.338727934670297, 4.299781622764542
9.320775396501627, 4.311516140197642
9.302710374166637, 4.322973235298587
9.284537646482127, 4.334151061469732
9.266262023354711, 4.345047854748461
9.247888344351857, 4.35566193433077
9.22942147726404, 4.365991703070176
9.210866316658594, 4.376035647951735
9.192227782425553, 4.385792340541084
9.173510818315966, 4.395260437408344
9.15472039047318, 4.404438680526764
9.13586148595739, 4.413325897645987
9.116939111264031, 4.4219210026398414
9.097958290836381, 4.4302229958285215
9.078924065572819, 4.438230964275102
9.059841491329204, 4.445944082056263
9.040715637416824, 4.453361610507173
9.021551585096306, 4.460482898440432
9.002354426068033, 4.4673073823390315
8.983129260959398, 4.473834586523262
8.963881197809457, 4.48006412329152
8.944615350551354, 4.485995693034972
8.925336837492994, 4.491629084326049
8.906050779796436, 4.496964173980734
8.886762299956407, 4.50200092709463
8.867476520278451, 4.506739397052804
8.848198561357123, 4.51117972551338
8.828933540554678, 4.515322142364931
8.809686570480745, 4.5191669656576225
8.790462757473405, 4.522714601508186
8.771267200082104, 4.525965543978712
8.752104987552942, 4.528920374929315
8.732981198316663, 4.53157976384471
8.713900898479896, 4.533944467634753
8.694869140320058, 4.536015330409007
8.675890960784338, 4.53779328322539
8.656971379993275, 4.5392793438130035
8.638115399749305, 4.540474616269185
8.61932800205076, 4.54138029073092
8.600614147611777, 4.541997643020679
8.581978774388478, 4.542328034266789
8.563426796111973, 4.542372910498468
8.54496310082851, 4.542133802215629
8.526592549447289, 4.54161232393358
8.508319974296347, 4.540810173702768
8.490150177686877, 4.5397291326036955
8.472087930486557, 4.538371064217172
8.45413797070214, 4.536737914070042
8.436305002071851, 4.53483170905658
8.418593692667972, 4.532654556835693
8.401008673509988, 4.530208645204131
8.383554537188777, 4.5274962414458875
8.366235836502216, 4.524519691657983
8.349057083102585, 4.521281420052823
8.332022746156236, 4.5177839282373515
8.315137251015837, 4.514029794469213
8.298404977905692, 4.510021672890121
8.281830260620428, 4.505762292736699
8.26541738523749, 4.501254457528997
8.249170588843823, 4.496501044236943
8.2330940582771, 4.491505002424956
8.217191928881888, 4.4862693533750075
8.201468283281116, 4.480797189188362
8.185927150163197, 4.475091671866274
8.170572503085193, 4.469156032369922
8.155408259292344, 4.462993569659849
8.140438278554353, 4.4566076497151945
8.125666362018722, 4.450001704533019
8.11109625108152, 4.443179231108008
8.096731626275922, 4.436143790392868
8.0825761061788, 4.428899006239713
8.068633246335738, 4.421448564322761
8.054906538204795, 4.413796211042671
8.041399408119286, 4.405945752412821
8.02811521626991, 4.39790105292789
8.015057255706571, 4.389666034415045
8.002228751360091, 4.381244674868109
7.9896328590842245, 4.372641007265032
7.977272664718148, 4.3638591183690245
7.965151183169785, 4.354903147513706
7.953271357520193, 4.345777285372651
7.941636058149299, 4.336485772713652
7.930248081883237, 4.327032899138123
7.919110151163538, 4.317423001805978
7.908224913238424, 4.307660464146388
7.897594939376447, 4.297749714554778
7.8872227241027035, 4.287695225076477
7.877110684457847, 4.277501510077387
7.867261159280137, 4.267173124902089
7.857676408510708, 4.256714664519751
7.8483586125223, 4.246130762158295
7.839309871471616, 4.235426087927161
7.830532204675522, 4.2246053474291445
7.822027550011272, 4.213673280361662
7.813797763340926, 4.2026346591079005
7.805844617960134, 4.191494287318251
7.798169804071461, 4.180256998482452
7.790774928282403, 4.1689276544928635
7.783661513128237, 4.1575111441993124
7.776830996619857, 4.1460123819559085
7.770284731816713, 4.134436306160308
7.764023986425016, 4.122787877785806
7.758049942421285, 4.111072078906745
7.752363695701364, 4.099293911217635
7.746966255755045, 4.087458394546459
7.741858545366333, 4.075570565362577
7.73704140033949, 4.063635475279698
7.73251556925093, 4.051658189554339
7.728281713227022, 4.039643785580246
7.724340405747874, 4.027597351379191
7.720692132477176, 4.0155239840886265
7.717337291118126, 4.003428788446627
7.714276191295493, 3.991316875274562
7.711509054463856, 3.9791933599579834
7.709036013842031, 3.967063360926127

Uranus positions:
18.17, 0.0
18.170148160993975, -0.01328894934542835
18.17059259983128, -0.026572777151131585
18.171333184091218, -0.03984636339922341
18.172369693116316, -0.05310459111504301
18.173701818077934, -0.0663423478876374
18.17532916206799, -0.0795545273888878
18.177251240216922, -0.09273603089082857
18.179467479837754, -0.10588176878070787
18.181977220596252, -0.11898666207333981
18.18477971470714, -0.13204564392029886
18.187874127156295, -0.14505366111550805
18.191259535948856, -0.1580056755967733
18.194934932383173, -0.17089666594281838
18.19889922135055, -0.1837216288653748
18.203151221660615, -0.19647558069588417
18.207689666392312, -0.2091535588663705
18.21251320327034, -0.2217506233840431
18.217620395066955, -0.2342618582991915
18.223009720029037, -0.24668237316593586
18.22867957233024, -0.2590073044954002
18.23462826254815, -0.27123181720087514
18.240854018166274, -0.2833511060345413
18.247354984100706, -0.2953603970153268
18.25412922325134, -0.3072549488474744
18.26117471707746, -0.3190300543293963
18.268489366197517, -0.3306810417523986
18.276070991012922, -0.34220327628885966
18.283917332355674, -0.35359216136944954
18.292026052159674, -0.3648431400489819
18.300394734155397, -0.37595169636049186
18.3090208845879, -0.38691335665713783
18.317901932957753, -0.39772369094152876
18.32703523278488, -0.4083783141820817
18.33641806239487, -0.41887288761601793
18.346047625727728, -0.42920312003861105
18.355921053168636, -0.43936476907830485
18.366035402400666, -0.4493536424573199
18.376387659279004, -0.4591655992373764
18.386974738726583, -0.46879655105016144
18.39779348565076, -0.4782424633121769
18.408840675880796, -0.4874993564236054
18.4201130171259, -0.4965633069508382
18.431607149953447, -0.5054304487923154
18.443319648787213, -0.5140969743273291
18.45524702292522, -0.5225591355474524
18.46738571757694, -0.5308132451702521
18.479732114919564, -0.5388556777349601
18.492282535172986, -0.5466828706797755
18.50503323769318, -0.5542913254004753
18.51798042208368, -0.5616776082900224
18.531120229324827, -0.568838351758861
18.544448742920395, -0.5757702552355942
18.557961990061347, -0.5824700861477508
18.571655942806267, -0.5889346808823444
18.58552651927824, -0.5951609457259437
18.59956958487768, -0.6011458577839741
18.6137809535109, -0.6068864658789742
18.62815638883393, -0.612379891427544
18.642691605511278, -0.6176233292957238
18.65738227048927, -0.6226140486325463
18.672224004283553, -0.6273493936815187
18.687212382280375, -0.6318267845697906
18.70234293605132, -0.6360437180747746
18.717611154681, -0.6399977683679914
18.73301248610745, -0.6436865877359177
18.748542338474678, -0.6471079072776245
18.764196081497058, -0.6502595375789969
18.77996904783518, -0.653139369363335
18.795856534482674, -0.6557453741181447
18.81185380416361, -0.6580756046979285
18.82795608674015, -0.6601281959028011
18.8441585806299, -0.6619013650327559
18.860456454232626, -0.6633934124174163
18.876844847365916, -0.6646027219211181
18.89331887270928, -0.6655277614231696
18.909873617256377, -0.6661670832731477
18.92650414377481, -0.6665193247210954
18.943205492273194, -0.6665832083224938
18.959972681474884, -0.6663575423178829
18.97680071029816, -0.665841220987027
18.993684559342157, -0.6650332249775115
19.01061919237835, -0.6639326216076789
19.027599557846976, -0.66253856514381
19.044620590358036, -0.6608502970514716
19.06167721219641, -0.6588671462209531
19.0787643348306, -0.6565885291667262
19.095876860424735, -0.654013950200869
19.113009683353308, -0.6511430015804025
19.130157691718242, -0.6479753636284938
19.14731576886781, -0.6445108048294943
19.164478794916977, -0.6407491818977797
19.181641648268698, -0.6366904398203765
19.198799207135714, -0.6323346118733562
19.21594635106243, -0.6276818196119989
19.233077962446387, -0.6227322728347238
19.25018892805886, -0.6174862695208019
19.2672741405642, -0.6119441957418631
19.28432850003739, -0.6061065255472338
19.301346915479417, -0.5999738208231264
19.318324306329988, -0.5935467311257366
19.335255603977156, -0.586825993488284
19.35213575326335, -0.5798124322020655
19.36895971398748, -0.5725069585715784
19.385722462402526, -0.5649105706437891
19.4024189927083, -0.5570243529116298
19.419044318538813, -0.548849475991805
19.43559347444393, -0.5403871962770121
19.45206151736477, -0.5316388555626712
19.46844352810245, -0.5226058806482818
19.48473461277978, -0.5132897829135188
19.500929904295372, -0.5036921578691997
19.517024563769866, -0.4938146846832513
19.533013781983694, -0.48365912568181985
19.5488927808061, -0.47322732582567273
19.564656814614878, -0.4625212121620437
19.580301171706463, -0.4515427932520919
19.595821175695935, -0.4402941585741351
19.61121218690657, -0.42877747790284443
19.626469603748415, -0.4169950006645752
19.64158886408561, -0.40494905526903674
19.656565446591937, -0.3926420484174872
19.671394872094293, -0.3800764643876678
19.686072704903584, -0.3672548642956892
19.700594554132742, -0.35417988533508005
19.714956075001403, -0.34085423999323833
19.7291529701269, -0.3272807152455019
19.74318099080118, -0.3134621717270928
19.757035938253203, -0.2994015428831701
19.770713664896608, -0.28510183409725165
19.78421007556205, -0.2705661217982597
19.797521128714056, -0.25579755254645165
19.810642837651898, -0.2407993420985216
19.823571271694167, -0.22557477445213125
19.83630255734674, -0.21012720087017422
19.84883287945373, -0.19446003888504126
19.861158482331096, -0.17857677128320737
19.873275670882588, -0.1624809450704191
19.885180811697698, -0.1461761704178075
19.89687033413126, -0.1296661195892289
19.908340731364447, -0.11295452585015342
19.919588561446744, -0.09604518235843496
19.930610448318678, -0.07894194103727625
19.941403082814972, -0.06164871143074102
19.951963223647812, -0.0441694595421388
19.962287698369945, -0.026508206655637245
19.972373404317334, -0.008669028141444657
19.982217309531062, 0.00934394775507208
19.99181645365825, 0.027526541139986094
20.001167948831647, 0.045874521712754635
20.010268980527762, 0.06438361002313775
20.019116808403144, 0.08304947874272683
20.02770876710861, 0.10186775395069181
20.036042267081257, 0.12083401643337965
20.044114795313885, 0.13994380299736608
20.051923916101703, 0.15919260779558003
20.059467271766085, 0.17857588366609561
20.066742583355094, 0.19808904348320566
20.07374765132065, 0.21772746152036793
20.080480356172114, 0.2374864748246196
20.086938659106025, 0.2573613846020571
20.09312060261194, 0.27734745761396007
20.09902431105406, 0.2974399275831541
20.104647991228543, 0.31763399661018826
20.109989932896347, 0.3379248365989123
20.115048509291412, 0.35830759069102014
20.119822177603982, 0.37877737470914463
20.1243094794391, 0.39932927860806894
20.128509041249877, 0.41995836793362157
20.132419574745686, 0.44065968528882893
20.136039877274914, 0.4614282518068792
20.139368832182345, 0.4822590686304699
20.14240540914094, 0.5031471183970933
20.145148664457995, 0.5240873667298238
20.147597741355536, 0.5450747637331539
20.14975187022491, 0.5661042454934482
20.151610368855476, 0.5871707355835597
20.153172642637273, 0.6082691465711639
20.154438184737753, 0.6293943815303655
20.15540657625234, 0.650541335556122
20.156077486328932, 0.6717048972810405
20.1564506722662, 0.6928799503940956
20.156525979585684, 0.7140613751608156
20.15630334207774, 0.7352440499444829
20.15578278182117, 0.7564228527279061
20.154964409176696, 0.7775926626352961
20.15384842275415, 0.7987483614538129
20.15243510935348, 0.8198848351543131
20.1507248438795, 0.8409969754108623
20.148718089230552, 0.8620796811185423
20.1464153961609, 0.8831278599091205
20.143817403117126, 0.9041364296641228
20.14092483604841, 0.9251003200248621
20.137738508190846, 0.9460144738989624
20.13425931982577, 0.9668738489629555
20.130488258012278, 0.9876734191604777
20.12642639629395, 1.008408176195641
20.12207489437984, 1.029073131021125
20.117434997799894, 1.0496633153205424
20.112508037534873, 1.0701737829846554
20.107295429620866, 1.090599611580985
20.101798674728528, 1.1109359038163942
20.096019357717203, 1.1311777889921888
20.089959147163995, 1.1513204244513282
20.083619794867968, 1.171358997017295
20.077003135329644, 1.191288724424213
20.07011108520591, 1.211104856737775
20.0629456427405, 1.2308026777665626
20.05550888717026, 1.2503775064633467
20.04780297810733, 1.2698246983159347
20.039830154897462, 1.2891396467271776
20.031592735954618, 1.3083177843836933
20.02309311807209, 1.3273545846129304
20.01433377571035, 1.34624556272815
20.00531726026179, 1.364986277360933
19.996046199292604, 1.3835723317808213
19.98652329576207, 1.4019993752016846
19.976751327219404, 1.4202631040744462
19.96673314497844, 1.4383592633657662
19.95647167327042, 1.456283647822314
19.945969908375105, 1.4740321032202446
19.935230917730465, 1.4916005275995148
19.924257839021266, 1.5089848724826709
19.913053879246704, 1.5261811440777424
19.901622313767565, 1.5431854044648898
19.889966485332938, 1.559993772766446
19.87808980308701, 1.5766024263000138
19.86599574155608, 1.593007601714269
19.85368783961615, 1.6092055961071337
19.84116969944141, 1.6251927681259892
19.82844498543391, 1.640965539049599
19.81551742313475, 1.6565203938514237
19.80239079811706, 1.6718538822440085
19.789068954861207, 1.6869626197041359
19.775555795612462, 1.7018432884784342
19.7618552792215, 1.7164926385691515
19.74797141996809, 1.730907488699791
19.73390828636832, 1.7450847272603358
19.719669999965696, 1.7590213132317611
19.705260734106496, 1.7727142770895803
19.69068471269972, 1.7861607216861484
19.67594620896201, 1.799357823111451
19.66104954414795, 1.812302831532143
19.645999086266063, 1.8249930720085663
19.630799248780917, 1.8374259452895199
19.615454489301754, 1.8495989285845393
19.59996930825795, 1.8615095763134577
19.58434824756181, 1.8731555208330217
19.568595889259, 1.8845344731403506
19.55271685416705, 1.8956442235530333
19.536715800502368, 1.90648264236565
19.52059742249611, 1.9170476804825345
19.504366448999377, 1.927337370026581
19.48802764207809, 1.937349824923921
19.47158579559804, 1.94708324146429
19.455045733800425, 1.9565358988369284
19.43841230986846, 1.9657061596418393
19.421690404485272, 1.9745924703762716
19.404884924383712, 1.983193361896268
19.388000800888396, 1.9915074498531509
19.371042988450412, 1.9995334351048129
19.354016463175217, 2.0072701041016843
19.336926221344036, 2.014716329247274
19.31977727792931, 2.021871069233166
19.30257466510457, 2.0287333693483833
19.285323430749198, 2.0353023617630113
19.268028636948536, 2.0415772657860143
19.250695358489764, 2.047557388097154
19.23332868135401, 2.0532421229529514
19.215933701205113, 2.058630952366626
19.198515521875535, 2.0637234462619536
19.18107925384986, 2.0685192626010127
19.16363001274624, 2.073018147485761
19.146172917796417, 2.0772199352334333
19.1287130903246, 2.081124548425718
19.11125565222574, 2.084731997931712
19.093805724443648, 2.088042382904642
19.07636842544939, 2.0910558907523527
19.058948869720396, 2.093772797081571
19.041552166220775, 2.0961934656159666
19.024183416883293, 2.0983183480880228
19.006847715093368, 2.1001479841047654
18.98955014417568, 2.1016830009873746
18.972295775883744, 2.1029241135847365
18.955089668892885, 2.1038721240609872
18.93793686729717, 2.104527921657113
18.920842399110608, 2.104892482426673
18.903811274773158, 2.1049668689457324
18.88684848566195, 2.104752229997085
18.86995900260821, 2.104249800228856
18.85314777442019, 2.103460899787598
18.83641972641277, 2.1023869339259798
18.819779758943934, 2.1010293925851853
18.803232745958734, 2.099389849952151
18.78678353354105, 2.0974699639917698
18.77043693847367, 2.0952714759542017
18.754197746807037, 2.092796209857439
18.73807071243717, 2.090046071945274
18.72206055569311, 2.0870230501208407
18.706171961934338, 2.0837292133558876
18.690409580158608, 2.080166711075964
18.674778021620565, 2.076337772521702
18.659281858461576, 2.072244706086379
18.643925622351194, 2.067889898629965
18.628713803140656, 2.063275814769854
18.61365084752876, 2.0584049961484876
18.598741157740648, 2.053280060678096
18.58398909021969, 2.0479037017627735
18.5693989543331, 2.0422786874981265
18.554975011091436, 2.0364078598487225
18.540721471882506, 2.0302941338035962
18.52664249722005, 2.0239404965100505
18.51274219550747, 2.017350006386025
18.49902462181712, 2.010525792211279
18.485493776685374, 2.0034710521976753
18.47215360492394, 1.9961890530388269
18.459007994447735, 1.9886831289393994
18.446060775119637, 1.9809566806243528
18.4333157176125, 1.973013174328414
18.420776532288773, 1.9648561407660923
18.408446868098, 1.9564891740825265
18.396330311492633, 1.947915930785491
18.38443038536232, 1.9391401286588674
18.37275054798718, 1.9301655456579128
18.361294192010213, 1.9209960187866466
18.350064643429224, 1.9116354429576918
18.339065160608566, 1.9020877698349117
18.328298933310965, 1.8923570066591786
18.317769081749727, 1.8824472150576375
18.307478655661626, 1.8723625098368013
18.29743063340073, 1.8621070577598489
18.287627921053407, 1.8516850763084833
18.278073351574847, 1.8411008324297207
18.268769683947287, 1.8303586412679822
18.259719602360235, 1.8194628648828617
18.25092571541289, 1.8084179109529566
18.242390555339053, 1.797228231466141
18.234116577254717, 1.7858983213966761
18.226106158428536, 1.7744327173695447
18.218361597575516, 1.762835996312412
18.210885114173944, 1.7511127740956098
18.203678847805918, 1.7392677041605493
18.196744857521608, 1.7273054761369726
18.190085121227458, 1.7152308144494472
18.183701535098454, 1.703048476913527
18.177595913014727, 1.6907632533219852
18.171769986022593, 1.6783799640215524
18.166225401820185, 1.6659034584805725
18.160963724267884, 1.6533386138480042
18.15598643292364, 1.6406903335042002
18.151294922603338, 1.6279635456038923
18.146890502966357, 1.615163201611813
18.14277439812644, 1.6022942748313922
18.13894774628797, 1.5893617589269655
18.13541159940773, 1.5763706664399295
18.132166922882398, 1.5633260272992944
18.12921459526166, 1.5502328873270619
18.126555407987173, 1.5370963067388874
18.124190065157403, 1.523921358640462
18.122119183318407, 1.5107131275200651
18.120343291280655, 1.4974767077377353
18.118862829961913, 1.4842172020115079
18.117678152256204, 1.4709397199011691
18.11678952292897, 1.4576493762899743
18.116197118538416, 1.4443512898647917
18.11590102738304, 1.4310505815951078
18.115901249475403, 1.417752373211361
18.116197696542123, 1.4044617856830408
18.11679019205011, 1.3911839376970279
18.11767847125904, 1.3779239441365936
18.118862181300003, 1.3646869145615428
18.120340881280356, 1.3514779516899387
18.12211404241475, 1.3383021498818484
18.124181048182233, 1.325164593625591
18.12654119450946, 1.3120703560268967
18.129193689979896, 1.2990244973014666
18.132137656068966, 1.2860320632713567
18.13537212740512, 1.273098083865631
18.13889605205668, 1.2602275716257503
18.14270829184438, 1.247425520216118
18.146807622679603, 1.2346969029402344
18.151192734928085, 1.222046671262912
18.155862233799045, 1.2094797533389638
18.160814639759668, 1.1970010525488293
18.16604838897468, 1.1846154460415634
18.171561833771065, 1.1723277832856045
18.17735324312763, 1.16014288462779
18.183420803189357, 1.1480655398610002
18.18976261780637, 1.1361005068009025
18.19637670909735, 1.124252509872185
18.203261018037246, 1.1125262387047115
18.21041340506907, 1.100926346740025
18.217831650739647, 1.089457449848591
18.22551345635911, 1.078124124958213
18.2334564446839, 1.0669309086940202
18.24165816062314, 1.0558822960304222
18.250116071968165, 1.0449827389554507
18.25882757014487, 1.034236645147861
18.26778997098888, 1.0236483766674143
18.27700051554307, 1.013222248658702
18.286456370877364, 1.0029625280689163
18.296154630930506, 0.9928734323799396
18.30609231737355, 0.9829591283551393
18.31626638049485, 0.9732237308012176
18.326673700106195, 0.9636713013455173
18.337311086469988, 0.9543058472291127
18.348175281246984, 0.9451313201160734
18.3592629584645, 0.9361516149192355
18.37057072550466, 0.9273705686428332
18.382095124112446, 0.9187919592423487
18.39383263142333, 0.9104195045018908
18.405779661009987, 0.902256860929465
18.417932563947968, 0.8943076226704498
18.430287629899965, 0.8865753204395953
18.44284108821822, 0.8790634204718798
18.455589109064974, 0.8717753234925149
18.46852780455044, 0.8647143637064246
18.481653229888014, 0.8578838078074874
18.494961384566434, 0.8512868540078332
18.50844821353847, 0.8449266310874962
18.522109608425826, 0.838806197464696
18.53594140873989, 0.8329285402870185
18.54993940311796, 0.8272965745437894
18.564099330574596, 0.8219131421998708
18.57841688176771, 0.8167810113511679
18.592887700279025, 0.8119028754020815
18.607507383908533, 0.8072813522651514
18.622271485982537, 0.8029189835831365
18.637175516674926, 0.7988182339737497
18.652214944341264, 0.7949814902972866
18.667385196865286, 0.7914110609473574
18.68268166301747, 0.7881091751649286
18.698099693825178, 0.785077982375892
18.713634603954038, 0.7823195515523423
18.729281673100132, 0.7798358705977653
18.745036147392547, 0.7776288457563102
18.76089324080596, 0.7757003010463316
18.776848136582696, 0.7740519777183563
18.792895988663982, 0.77268553373765
18.809031923129893, 0.7716025432915269
18.82525103964755, 0.7708044963215533
18.8415484129272, 0.7702927980807857
18.85791909418568, 0.7700687687161704
18.874358112616907, 0.770133642876231
18.89086047686885, 0.7704885693441642
18.907421176526658, 0.7711346106964443
18.924035183601436, 0.772072742987044
18.940697454024253, 0.7733038554573689
18.95740292914487, 0.7748287502719782
18.974146537234905, 0.7766481422801882
18.990923194994778, 0.7787626588036141
19.007727809064193, 0.7811728394497198
19.02455527753549, 0.7838791359514353
19.04140049146968, 0.7868819120328789
19.05825833641444, 0.7901814433012326
19.075123693923818, 0.7937779171648024
19.091991443079124, 0.7976714327772801
19.108856462010504, 0.8018620010082341
19.125713629418875, 0.8063495444398278
19.142557826097608, 0.8111338973897759
19.159383936453647, 0.816214805960525
19.176186850027545, 0.8215919281146424
19.192961463011933, 0.8272648337764027
19.20970267976809, 0.8332330049595252
19.226405414339997, 0.8394958359210382
19.24306459196559, 0.8460526333412165
19.259675150584645, 0.8529026165295408
19.276232042342876, 0.8600449176566202
19.292730235091874, 0.8674785820120028
19.309164713884304, 0.8752025682878068
19.325530482464057, 0.8832157488880804
19.341822564750792, 0.8915169102637952
19.358036006318518, 0.9001047532733913
19.37416587586774, 0.9089778935687465
19.39020726669072, 0.918134862006461
19.406155298129427, 0.9275741050843487
19.42200511702578, 0.9372939854029818
19.43775189916367, 0.9472927821521715
19.453390850702426, 0.9575686916222367
19.468917209601234, 0.9681198277398904
19.48432624703411, 0.9789442226286194
19.499613268795002, 0.9900398271933487
19.514773616692615, 1.0014045117292603
19.529802669934522, 1.013036066554549
19.544695846500176, 1.0249322026669432
19.559448604502382, 1.0370905524238077
19.57405644353686, 1.0495086702455918
19.588514906019487, 1.0621840333424593
19.602819578510807, 1.075114042463842
19.6169660930274, 1.0882960226707155
19.630950128339798, 1.1017272241303755
19.644767411256456, 1.1154048229334572
19.65841371789349, 1.1293259219329632
19.67188487492973, 1.1434875516050682
19.685176760846783, 1.1578866709314082
19.698285307153665, 1.1725201683026305
19.71120649959571, 1.1873848624429137
19.723936379347354, 1.202477503355181
19.73647104418844, 1.2177947732867478
19.748806649663706, 1.2333332877150793
19.76093941022512, 1.2490895963534157
19.772865600356702, 1.2650601841759181
19.784581555681505, 1.28124147246205
19.796083674050447, 1.297629819859905
19.807368416612626, 1.314221523468115
19.81843230886685, 1.331012819936076
19.829271941694056, 1.3479998865821172
19.839883972370234, 1.365178842529298
19.850265125559737, 1.3825457498585134
19.860412194288447, 1.4000966147785356
19.87032204089672, 1.4178273888126514
19.879991597971678, 1.4357339700015723
19.889417869258683, 1.4538122041222037
19.89859793055159, 1.4720578859219784
19.90752893056166, 1.4904667603683217
19.916208091764798, 1.5090345239129244
19.92463271122683, 1.5277568257704375
19.93280016140666, 1.5466292692111767
19.940707890937, 1.565647412867514
19.948353425382493, 1.5848067720535026
19.95573436797494, 1.6041028200973837
19.962848400325488, 1.6235309896865804
19.969693283113486, 1.6430866742247494
19.976266856751906, 1.6627652292005086
19.982567042028997, 1.6825619735674489
19.988591840726134, 1.7024721911349712
19.99433933621153, 1.7224911319695966
19.99980769400977, 1.7426140138062831
20.00499516234689, 1.7628360234693496
20.009900072670888, 1.7831523183026006
20.01452084014753, 1.8035580276081873
20.018855964131255, 1.824048254093828
20.022904028611077, 1.8446180753279027
20.026663702631343, 1.8652625452020333
20.030133740687205, 1.8859766954007076
20.033312983094707, 1.9067555368774727
20.03620035633538, 1.9275940613373217
20.03879487337523, 1.9484872427247797
20.04109563395801, 1.9694300387172623
20.04310182487274, 1.9904173922232922
20.044812720195335, 2.0114442328850815
20.046227681504313, 2.032505478585058
20.047346158070503, 2.0535960369559034
20.048167687020683, 2.0747108068936133
20.048691893475127, 2.095844680073172
20.048918490658988, 2.1169925424663654
20.048847279987534, 2.13814927586128
20.04847815112514, 2.1593097593830684
20.047811082018107, 2.1804688710154747
20.04684613890118, 2.201621489122733
20.045583476277912, 2.2227624939713175
20.044023336874737, 2.2438867692511653
20.042166051568852, 2.264989203595842
20.040012039289934, 2.286064692101272
20.03756180689563, 2.3071081378425315
20.03481594902099, 2.3281144533882774
20.03177514790176, 2.3490785623123407
20.0284401731717, 2.3699954007020754
20.024811881633866, 2.390859918662971
20.020891217006064, 2.411667081819093
20.016679209640433, 2.4324118728089426
20.012176976217283, 2.453089292776221
20.007385719413325, 2.473694362855133
20.002306727544283, 2.494222125649725
19.99694137418214, 2.5146676467068456
19.99129111774695, 2.535026015982311
19.985357501073562, 2.5552923492997843
19.979142150953138, 2.5754617898020036
19.972646777649818, 2.595529509393858
19.965873174392524, 2.615490710176951
19.95882321684216, 2.6353406258751617
19.951498862534265, 2.6550745232508266
19.94390215029739, 2.6746877035111103
19.93603519964727, 2.694175503704122
19.927900210157084, 2.7135332981043914
19.919499460803856, 2.732756499587294
19.910835309291308, 2.751840560991992
19.901910191349323, 2.7707809764725013
19.892726620010194, 2.789573282836497
19.88328718486192, 2.8082130608714246
19.873594551278774, 2.8266959366575635
19.863651459629303, 2.845017582867617
19.853460724462092, 2.863173720052459
19.84302523366947, 2.8811601179126733
19.832347947629422, 2.8989725965554554
19.821431898325947, 2.916607027736574
19.81028018844819, 2.9340593360869587
19.79889599046847, 2.951325500323584
19.78728254569971, 2.968401554444286
19.775443163332277, 2.985283588906159
19.763381219450725, 3.001967751787153
19.751100156030663, 3.0184502499305816
19.73860347991602, 3.0347273500721412
19.725894761777035, 3.0507953799491485
19.712977635049306, 3.066650729391656
19.69985579485418, 3.082289851395097
19.68653299690078, 3.0977092631741874
19.67301305637009, 3.112905547197729
19.659299846781323, 3.12787535220403
19.645397298840965, 3.142615394196634
19.63130939927484, 3.157122457420055
19.617040189643504, 3.1713933953152518
19.602593765141386, 3.1854251314545206
19.58797427337995, 3.1992146604555725
19.573185913155303, 3.2127590488744766
19.5582329332006, 3.2260554360772473
19.54311963092359, 3.239101035089787
19.527850351129718, 3.251893133425945
19.512429484731143, 3.264429093893442
19.49686146744204, 3.2767063553774274
19.481150778460606, 3.288722433601418
19.465301939138136, 3.300474921865422
19.449319511635583, 3.311961491761007
19.43320809756797, 3.3231798938630903
19.416972336637123, 3.3341279583982857
19.400616905253038, 3.3448035958895592
19.38414651514436, 3.355204797777048
19.367565911958376, 3.3653296370148156
19.35087987385094, 3.3751762686433957
19.33409321006669, 3.3847429303379526
19.31721075951008, 3.39402794293187
19.300237389307565, 3.4030297109156513
19.283177993361427, 3.411746722910945
19.266037490895627, 3.420177552119578
19.248820824994134, 3.4283208567474674
19.231532961132164, 3.4361753804032538
19.214178885700775, 3.4437399524715753
19.196763604525252, 3.45101348846085
19.179292141377687, 3.457994990325467
19.161769536484254, 3.4646835467622883
19.14420084502759, 3.4710783334813833
19.12659113564474, 3.4771786134508993
19.10894548892107, 3.4829837371160193
19.091268995880675, 3.488493142591909
19.073566756473642, 3.4937063558306276
19.055843878060703, 3.4986229907619384
19.03810547389566, 3.503242749407964
19.020356661606055, 3.507565421971687
19.00260256167256, 3.5115908868992336
18.984848295907508, 3.5153191109159434
18.967098985933017, 3.518750149036207
18.94935975165921, 3.5218841445470703
18.93163570976288, 3.524721328965609
18.913931972167184, 3.5272620219700883
18.896253644522712, 3.5295066313049235
18.8786058246904, 3.5314556526594796
18.860993601226827, 3.533109669520732
18.843422051872185, 3.5344693529998445
18.82589624204155, 3.5355354616327084
18.808421223319762, 3.5363088411545056
18.79100203196042, 3.5367904242483617
18.773643687389445, 3.536981230268165
18.756351190713662, 3.5368823649356305
18.73912952323476, 3.5364950200117
18.721983644969217, 3.5358204729423828
18.70491849317449, 3.5348600864791297
18.687938980882, 3.5336153082738626
18.671049995437304, 3.532087670448778
18.654256397047895, 3.5302787891410503
18.637563017339062, 3.528190364022569
18.62097465791828, 3.5258241777948616
18.604496088948466, 3.5231820956593394
18.5881320477306, 3.520266064763028
18.57188723729614, 3.5170781136199585
18.555766325009564, 3.5136203515083704
18.539773941181558, 3.509894967843926
18.523914677693185, 3.505904231529103
18.50819308663149, 3.5016504902789816
18.492613678936912, 3.4971361699236025
18.47718092306295, 3.49236377368712
18.461899243648414, 3.487335881443954
18.446773020202734, 3.4820551489521754
18.43180658580465, 3.4765243070643344
18.417004225814715, 3.4707461609159744
18.40237017660196, 3.4647235890920913
18.387908624285156, 3.4584595427717413
18.373623703488935, 3.4519570448511017
18.359519496115297, 3.445219189045213
18.345600030130708, 3.438249138968673
18.33186927836928, 3.431050127195572
18.318331157352294, 3.423625454298928
18.304989526124483, 3.4159784878699284
18.291848185107366, 3.40811266151724
18.278910874970045, 3.400031473846727
18.266181275517678, 3.391738487421833
18.25366300459815, 3.383237327704975
18.241359617027037, 3.3745316819802404
18.229274603531387, 3.3656252982577164
18.21741138971249, 3.356521984159775
18.205773335028017, 3.3472256057896437
18.194363731793835, 3.3377400865826083
18.183185804205745, 3.328069406140165
18.17224270738144, 3.3182175990474976
18.161537526423057, 3.308188753674609
18.151073275500455, 3.297987010961473
18.14085289695564, 3.287616563187572
18.130879260428475, 3.277081652726166
18.121155162004023, 3.266386570783694
18.111683323381744, 3.255535656124648
18.102466391066784, 3.244533293782336
18.093506935583616, 3.2333839137558718
18.08480745071226, 3.222091989693831
18.076370352747272, 3.2106620375649135
18.068197979779836, 3.199098614316049
18.060292591002984, 3.1874063165183126
18.05265636604038, 3.17558977900108
18.045291404298617, 3.1636536734748018
18.03819972434347, 3.1516027071428274
18.031383263300107, 3.1394416213026823
18.02484387627747, 3.1271751899372098
18.01858333581712, 3.1148082182960106
18.012603331366527, 3.1023455414675754
18.00690546877708, 3.089792022942566
18.001491269826968, 3.07715255316866
17.99636217176896, 3.064432048097363
17.99151952690344, 3.051635447723272
17.986964602176496, 3.0387677146161693
17.982698578803554, 3.02583383244643
17.97872255191837, 3.0128388045041397
17.97503753024764, 2.9997876522124014
17.97164443581127, 2.9866854136352354
17.96854410364844, 2.973537141980557
17.965737281569474, 2.960347904098628
17.96322462993365, 2.9471227789764827
17.961006721453003, 2.933866856228722
17.959084041022138, 2.9205852345851646
17.95745698557418, 2.907283020375793
17.956125863962825, 2.893965326013424
17.95509089687059, 2.8806372684745902
17.954352216743217, 2.8673039677790526

Neptune positions:
29.18, 0.0
29.180148400213046, -0.014058973436008626
29.180593556707553, -0.028112825200077934
29.181335337062777, -0.04215643514210744
29.182373520621166, -0.05618468615522215
29.183707798553975, -0.07019246569625492
29.185337773952977, -0.08417466730487283
29.187262961948456, -0.09812619212089616
29.189482789853226, -0.11204195039935898
29.191996597332817, -0.1259168630228614
29.194803636601698, -0.13974586301076394
29.197903072645445, -0.15352389702477573
29.20129398346889, -0.16724592687048886
29.20497536037002, -0.18090693099441335
29.208946108239754, -0.19450190597606698
29.213205045887303, -0.20802586801467787
29.217750906391164, -0.22147385441005646
29.222582337475565, -0.23484092503719867
29.22769790191225, -0.24812216381418076
29.233096077947565, -0.26131268016290976
29.238775259754586, -0.27440761046229656
29.244733757910307, -0.2874021194934189
29.2509697998976, -0.3002914018762445
29.257481530631896, -0.313070683497489
29.2642670130124, -0.3257352229291826
29.271324228497672, -0.33828031283752513
29.278651077705415, -0.3507012813816105
29.286245381036238, -0.36299349360160504
29.294104879321345, -0.37515235279596704
29.302227234493774, -0.3871733018872985
29.310610030283133, -0.3990518247764229
29.319250772933565, -0.41078344768428754
29.32814689194471, -0.4223637404812902
29.33729574083551, -0.4337883180036371
29.34669459793057, -0.4450528413563388
29.35634066716884, -0.45615301920245865
29.36623107893447, -0.46708460903823
29.376362890909416, -0.47784341845366357
29.38673308894775, -0.4884253063782698
29.39733858797125, -0.4988261843115263
29.408176232886085, -0.5090420175377258
29.419242799520312, -0.5190688263248419
29.43053499558188, -0.528902687107057
29.4420494616369, -0.538539733650603
29.45378277210782, -0.547976158202564
29.46573143629134, -0.5572082126223048
29.477891899395555, -0.5662322094951849
29.490260543596264, -0.5750445232282291
29.50283368911192, -0.5836415911274293
29.51560759529704, -0.5920199144563558
29.528578461753668, -0.6001760594757655
29.541742429460616, -0.6081066584638964
29.555095581920103, -0.6158084107171462
29.56863394632152, -0.6232780835308379
29.58235349472182, -0.6305125131597806
29.596250145242443, -0.6375086057583386
29.610319763282142, -0.6442633382997326
29.624558162745497, -0.6507737594742973
29.638961107286818, -0.6570369905664295
29.653524311568837, -0.6630502263099662
29.668243442536085, -0.6688107357217377
29.68311412070237, -0.6743158629130483
29.698131921452084, -0.6795630278788464
29.713292376354907, -0.6845497272643425
29.728590974493542, -0.6892735351088565
29.744023163804066, -0.6937321035666644
29.759584352428494, -0.6979231636046369
29.775269910079196, -0.7018445256764594
29.79107516941471, -0.7054940803732326
29.806995427426582, -0.7088697990502633
29.823025946836786, -0.7119697344298557
29.839161957505343, -0.7147920211799266
29.85539865784768, -0.7173348764682717
29.87173121626137, -0.7195966004923174
29.88815477256177, -0.7215755769842032
29.904664439426124, -0.7232702736910408
29.9212553038458, -0.724679242830212
29.937922428586088, -0.7258011215195648
29.954660853653227, -0.726634632182385
29.97146559776821, -0.7271785829270193
29.988331659846878, -0.7274318679010381
30.005254020485935, -0.7273934676198343
30.02222764345438, -0.7270624492695572
30.039247477189935, -0.7264379669842962
30.056308456300066, -0.7255192620974267
30.07340550306708, -0.724305663367047
30.09053352895688, -0.7227965871754388
30.107687436130963, -0.7209915377024907
30.12486211896117, -0.7188901070730342
30.14205246554671, -0.7164919754780482
30.15925335923315, -0.7137969112696961
30.176459680132698, -0.7108047710301664
30.19366630664552, -0.7075154996142985
30.21086811698154, -0.7039291301659779
30.228059990682326, -0.7000457841082997
30.245236810142533, -0.6958656711074978
30.26239346213053, -0.6913890890106588
30.279524839307726, -0.6866164237572294
30.296625841746135, -0.6815481492643528
30.313691378443746, -0.6761848272860596
30.33071636883724, -0.6705271072463632
30.3476957443116, -0.6645757260463026
30.364624449706163, -0.658331507844994
30.38149744481672, -0.6517953638147554
30.398309705893094, -0.6449682918703744
30.415056227131913, -0.6378513763726046
30.43173202216397, -0.6304457878059733
30.448332125535888, -0.6227527824310005
30.4648515941855, -0.6147737019109307
30.481285508910624, -0.6065099729130878
30.497628975830725, -0.5979631066849719
30.51387712784105, -0.5891346986052266
30.530025126058835, -0.5800264277096057
30.54606816126108, -0.5706400561920826
30.562001455313574, -0.560977428881253
30.57782026259061, -0.5510404726921799
30.593519871385105, -0.5408311960538521
30.609095605308582, -0.5303516883124181
30.62454282468073, -0.5196041191103801
30.63985692790799, -0.5085907377419256
30.655033352850843, -0.49731387248459713
30.670067578179403, -0.48577592990748625
30.68495512471685, -0.47397939415616885
30.699691556770357, -0.4619268262145908
30.71427248344909, -0.44962086314411714
30.728693559968878, -0.43706421729998257
30.742950488943226, -0.42425967552536287
30.757039021660216, -0.41121009832331873
30.770954959344916, -0.39791841900684877
30.784694154407045, -0.38438764282731114
30.798252511673308, -0.37062084608146917
30.811625989604234, -0.3566211751974226
30.824810601495084, -0.3423918457997083
30.83780241666041, -0.32793614175383196
30.850597561602008, -0.3132574141905316
30.863192221159878, -0.2983590805100439
30.87558263964584, -0.2832446233666901
30.887765121959486, -0.26791758963406437
30.899736034686097, -0.2523815893511459
30.91149180717628, -0.23664029464964048
30.923028932606943, -0.22069743866286817
30.93434396902328, -0.20455681441653412
30.945433540361496, -0.18822227370169298
30.956294337451958, -0.1716977259302616
30.96692311900247, -0.15498713697340344
30.977316712561358, -0.13809452798314092
30.987472015460146, -0.1210239741975383
30.997385995735435, -0.10377960372981937
31.00705569302983, -0.0863655963417686
31.016478219471562, -0.06878618220178778
31.025650760532557, -0.05104564062797645
31.03457057586476, -0.033148298816604305
31.043235000114368, -0.015098530556362955
31.05164144371381, 0.0030992450712316044
31.059787393651188, 0.021440565004891443
31.067670414217005, 0.03992092352968052
31.075288147727864, 0.05853577361580692
31.082638315227047, 0.07728052826969689
31.08971871716167, 0.0961505618969396
31.096527234036234, 0.11514121167670377
31.103061827042406, 0.13424777894721568
31.109320538664832, 0.15346553060188328
31.115301493262773, 0.17278970049566045
31.121002897627434, 0.19221549086122286
31.12642304151476, 0.21173807373454584
31.13156029815365, 0.2313525923894476
31.13641312472931, 0.2510541627806847
31.14098006284167, 0.27083787499516215
31.145259738938726, 0.2906987947108301
31.1492508647247, 0.3106319646628348
31.15295223754279, 0.3306324061164835
31.156362740732572, 0.3506951203465913
31.15948134396175, 0.3708150901227675
31.162307103532346, 0.3909872812002014
31.164839162661085, 0.4112066438155001
31.167076751733976, 0.43146811418714176
31.169019188534996, 0.45176661602009127
31.170665878448798, 0.47209706201413476
31.172016314637393, 0.49245435537548676
31.173070078190747, 0.5128333913312129
31.173826838251276, 0.533229058646028
31.174286352112112, 0.5536362411410125
31.174448465289256, 0.5740498192137998
31.174313111567464, 0.594464671359776
31.173880313019932, 0.6148756756938518
31.173150180001738, 0.6352777114723396
31.17212291111704, 0.6556656606144993
31.17079879316006, 0.6760344092232862
31.1691782010299, 0.6963788491048634
31.167261597619113, 0.7166938792864088
31.165049533676168, 0.7369744075317851
31.162542647641825, 0.7572153518546119
31.159741665459396, 0.7774116420282942
31.156647400359084, 0.7975582210925474
31.153260752616294, 0.817650046855993
31.14958270928419, 0.837682093394356
31.145614343900345, 0.8576493525438356
31.14135681616781, 0.8775468353891972
31.136811371610488, 0.8973695737461387
31.131979341203053, 0.9171126216375052
31.126862140975494, 0.9367710567628997
31.121461271592327, 0.9563399819612657
31.115778317906727, 0.9758145266659886
31.1098149484896, 0.9951898483521058
31.103572915133775, 1.0144611339751766
31.097054052333522, 1.0336236014013993
31.09026027673943, 1.0526725008285411
31.083193586588905, 1.0716031161972568
31.075856061112454, 1.090410766592387
31.068249859915824, 1.10909080763381
31.06037722233835, 1.1276386328564445
31.052240466787556, 1.146049675078976
31.043841990050254, 1.1643194077609176
31.03518426658041, 1.1824433463475954
31.026269847763874, 1.2004170496026525
31.017101361160282, 1.2182361209276924
31.007681509722303, 1.2358962096686446
30.998013070992528, 1.2533930124084902
30.988098896278128, 1.270722274245947
30.977941909803654, 1.2878797900597396
30.967545107842145, 1.3048614057580767
30.956911557824824, 1.3216630195129682
30.946044397429667, 1.3382805829790112
30.934946833649057, 1.3547101024962847
30.92362214183693, 1.3709476402769971
30.91207366473551, 1.3869893155755284
30.900304811482073, 1.4028313058415263
30.888319056595975, 1.41846984785571
30.876119938946257, 1.4339012388480439
30.86371106070011, 1.4491218375979498
30.85109608625255, 1.4641280655162299
30.838278741137618, 1.478916407708383
30.825262810921355, 1.4934834140189897
30.81205214007701, 1.5078257000568667
30.798650630842694, 1.5219399482006755
30.785062242061905, 1.5358229085846955
30.77129098800719, 1.5494714000644594
30.7573409371874, 1.5628823111619785
30.74321621113877, 1.576052600990255
30.728920983200258, 1.5889793001568266
30.714459477273536, 1.6016595116460715
30.699835966567875, 1.6140904116799977
30.685054772330467, 1.62626925055728
30.670120262562396, 1.6381933534702786
30.65503685072078, 1.6498601212998096
30.639808994407364, 1.6612670313874238
30.624441194044007, 1.672411638284968
30.60893799153546, 1.683291574481201
30.593303968919802, 1.6939045511052517
30.577543747006956, 1.7042483586067183
30.56166198400569, 1.7143208674121881
30.545663374139473, 1.724120028558
30.529552646251705, 1.733643874299052
30.513334562400576, 1.742890518693477
30.497013916444104, 1.751858158163012
30.480595532615695, 1.7605450720288949
30.464084264090722, 1.768949623023126
30.447484991544467, 1.7770702577749495
30.430802621701886, 1.7849055072724014
30.414042085879675, 1.7924539872987966
30.39720833852097, 1.7997143988440167
30.380306355723246, 1.8066855284904806
30.363341133759715, 1.8133662487736837
30.346317687594773, 1.8197555185171952
30.32924104939388, 1.8258523831420206
30.31211626702831, 1.8316559749502268
30.29494840257527, 1.8371655133827574
30.27774253081377, 1.8423803052513519
30.260503737716743, 1.8472997449445079
30.243237118939803, 1.8519233146074174
30.225947778307155, 1.8562505842958303
30.20864082629509, 1.8602812121037944
30.191321378513432, 1.8640149442652372
30.17399455418559, 1.8674516152293594
30.15666547462737, 1.870591147709815
30.13933926172533, 1.8734335527076635
30.12202103641483, 1.875978929508094
30.104715917158455, 1.8782274656509097
30.087429018425144, 1.8801794368747966
30.070165449170464, 1.8818352070353788
30.052930311318608, 1.8831952279970947
30.03572869824641, 1.8842600394989213
30.018565693269917, 1.8850302689939897
30.001446368133983, 1.8855066314631341
29.984375781505253, 1.8856899292024376
29.967358977469065, 1.88558105158483
29.95040098403068, 1.8851809747958137
29.933506811621278, 1.884490761543395
29.91668145160918, 1.8835115607423054
29.89992987481676, 1.8822446071726078
29.883257030043406, 1.88069122111279
29.86666784259509, 1.8788528079474538
29.850167212820864, 1.8767308577497137
29.833760014656814, 1.8743269448384354
29.817451094177823, 1.871642727310439
29.80124526815765, 1.8686799465478101
29.785147322637687, 1.8654404267004634
29.769162011504857, 1.8619260741441135
29.75329405507909, 1.8581388769138134
29.737548138710714, 1.8540809041132285
29.7219289113883, 1.8497543052998238
29.706440984357283, 1.845161309846144
29.691088929749785, 1.8403042262773783
29.675877279226103, 1.8351854415854065
29.660810522628147, 1.8298074205195287
29.645893106645406, 1.8241727048540919
29.631129433493626, 1.8182839126332295
29.616523859606815, 1.812143737392938
29.602080694342746, 1.8057549473607217
29.587804198702518, 1.799120384633046
29.573698584064452, 1.792242964330839
29.559768010932775, 1.785125673733298
29.546016587701338, 1.7777715713902522
29.532448369432913, 1.7701837862133507
29.519067356654258, 1.762365516546342
29.505877494167457, 1.7543200292147239
29.492882669877748, 1.7460506585550448
29.4800867136383, 1.7375608054241445
29.46749339611224, 1.7288539361886284
29.455106427652247, 1.7199335816948813
29.44292945719808, 1.7108033362199166
29.43096607119236, 1.7014668564033797
29.41921979251488, 1.6919278601610224
29.40769407943587, 1.682190125579969
29.39639232458842, 1.6722574897961047
29.385317853960384, 1.662133847853915
29.37447392590613, 1.6518231515491242
29.36386373017838, 1.6413294082544634
29.3534903869804, 1.630656679728935
29.3433569460389, 1.6198090809109054
29.333466385697825, 1.6087907786954059
29.323821612033434, 1.5976059906959899
29.314425457990744, 1.586258983991521
29.3052806825418, 1.5747540738582657
29.29638996986588, 1.563095622487662
29.28775592855194, 1.551288037690148
29.27938109082349, 1.539335771585436
29.271267911786197, 1.5272433192796249
29.263418768698386, 1.5150152175295308
29.25583596026467, 1.5026560433946523
29.248521705952932, 1.49017041287715
29.24147814533483, 1.477562979550263
29.234707337450075, 1.4648384331755586
29.22821126019459, 1.4520014983094274
29.22199180973285, 1.4390569328992444
29.216050799934415, 1.4260095268696003
29.210389961835002, 1.4128641006990428
29.205010943122137, 1.399625503987729
29.199915307645533, 1.3862986140164288
29.195104534952456, 1.3728883342973048
29.190580019848085, 1.3593995931168952
29.18634307198105, 1.3458373420717369
29.18239491545431, 1.3322065545970618
29.17873668846144, 1.3185122244890057
29.1753694429484, 1.304759364420763
29.172294144300988, 1.2909530044531374
29.16951167105799, 1.277098190539925
29.167022814650135, 1.26319998302857
29.164828279164922, 1.2492634551565525
29.16292868113743, 1.2352936915439365
29.161324549367098, 1.221295786682545
29.160016324760637, 1.2072748434221925
29.159004360200992, 1.1932359714544445
29.158288920442487, 1.1791842857943318
29.157870182032184, 1.1651249052604964
29.157748233257408, 1.1510629509541956
29.15792307411951, 1.1370035447376363
29.158394616333865, 1.1229518077120741
29.159162683356126, 1.108912858696153
29.160227010434664, 1.0948918127049068
29.161587244689244, 1.0808937794298974
29.163242945215863, 1.0669238617209458
29.16519358321778, 1.052987154069872
29.16743854216262, 1.0390887410967462
29.169977117965594, 1.0252336960390482
29.172808519198668, 1.0114270792442244
29.175931867325772, 0.9976739366660757
29.179346196963806, 0.9839792983654067
29.18305045616951, 0.9703481770154172
29.187043506752026, 0.9567855664122464
29.191324124611093, 0.9432964399911286
29.195891000100776, 0.9298857493486077
29.200742738418608, 0.9165584227712249
29.205877860020042, 0.9033193637711456
29.211294801058045, 0.8901734496291489
29.21699191384781, 0.8771255299453935
29.222967467356323, 0.8641804251984353
29.22921964771672, 0.8513429253128704
29.235746558767243, 0.8386177882360789
29.242546222614656, 0.8260097385244605
29.249616580221975, 0.8135234659395862
29.256955492020225, 0.8011636240547053
29.264560738544244, 0.7889348288719844
29.272430021092116, 0.7768416574509286
29.280560962408224, 0.764888646548364
29.2889511073896, 0.7530802912703949
29.29759792381543, 0.7414210437367457
29.306498803099483, 0.7299153117578614
29.31565106106518, 0.7185674575251888
29.325051938743172, 0.7073817963150054
29.334698603191143, 0.6963625952061837
29.344588148335554, 0.6855140718122857
29.354717595835154, 0.6748403930283551
29.365083895965938, 0.664345673792767
29.375683928527348, 0.6540339758645354
29.386514503769366, 0.6439093066164033
29.39757236334033, 0.6339756178441043
29.408854181255077, 0.6242368045921389
29.42035656488324, 0.6146967039964008
29.432076055957282, 0.6053590941440289
29.444009131600115, 0.5962276929507868
29.45615220537183, 0.5873061570563316
29.46850162833536, 0.578598080737692
29.481053690140747, 0.570106994841263
29.493804620127552, 0.5618363657336672
29.50675058844532, 0.5537895942717567
29.51988770719151, 0.5459700147920937
29.533212031566755, 0.5383808941201916
29.54671956104699, 0.5310254305998133
29.560406240572153, 0.5239067531426221
29.574267961751087, 0.5170279202984641
29.58830056408229, 0.5103919193465506
29.602499836190127, 0.5040016654078273
29.61686151707621, 0.49786000057877466
29.631381297385467, 0.4919696930869141
29.6460548206866, 0.4863334364682591
29.660877684766564, 0.4809538487669589
29.675845442938577, 0.47583347175737956
29.690953605363422, 0.47097477018883804
29.70619764038352, 0.4663801310532315
29.721572975869453, 0.46205186287576827
29.737075000578486, 0.457992195029011
29.752699065524755, 0.4542032770704436
29.768440485360628, 0.45068717810375125
29.78429453976889, 0.4474458861640054
29.800256474865318, 0.4444813076269406
29.81632150461122, 0.4417952666424917
29.83248481223555, 0.43938950459276427
29.848741551666116, 0.43726567957459894
29.86508684896955, 0.4354253659068815
29.8815158037995, 0.4338700536627492
29.8980234908527, 0.43260114822682394
29.91460496133246, 0.4316199698776154
29.931255244419123, 0.43092775339520883
29.94796934874706, 0.4305256476943574
29.964742263887796, 0.43041471548308974
29.981568961838775, 0.43059593294693177
29.99844439851738, 0.4310701894588359
30.01536351525964, 0.4318382873149087
30.03232124032343, 0.4329009414960082
30.04931249039539, 0.4342587794552888
30.066332172101408, 0.43591234093175235
30.083375183519987, 0.4378620777898615
30.10043641569826, 0.44010835388526526
30.117510754169995, 0.44265144495667386
30.134593080475316, 0.44549153854391743
30.151678273681558, 0.4486287339322089
30.16876121190488, 0.4520630421226354
30.18583677383216, 0.4557943858288759
30.202899840242726, 0.4598225995001577
30.219945295529428, 0.46414742937043596
30.236968029218694, 0.46876853353378456
30.253962937489014, 0.4736854820459816
30.270924924687485, 0.4788977570522458
30.287848904843877, 0.48440475294110275
30.304729803181885, 0.4902057765243212
30.32156255762701, 0.4963000472428718
30.338342120310674, 0.5026866973988523
30.355063459070127, 0.5093647724132941
30.371721558943673, 0.5163332311097983
30.388311423660802, 0.5235909460238896
30.40482807712676, 0.5311367037380155
30.42126656490109, 0.5389692052420884
30.43762195566982, 0.5470870663194545
30.45388934271069, 0.5554888179581795
30.47006384535112, 0.5641729067875398
30.486140610418456, 0.5731376955395668
30.502114813681978, 0.5823814635355282
30.51798166128638, 0.5919024071971951
30.53373639117617, 0.6016986405827307
30.549374274510672, 0.6117681959470678
30.5648906170691, 0.6221090243265756
30.580280760645394, 0.6327189961478752
30.59554008443234, 0.6435959018605988
30.610664006394565, 0.6547374525939083
30.62564798463002, 0.6661412808365982
30.64048751871955, 0.6778049411405461
30.655178151064103, 0.6897259108473389
30.669715468209287, 0.7019015908378294
30.684095102156707, 0.71432930630441
30.698312731661883, 0.7270063075457914
30.712364083518235, 0.7399297707840189
30.726244933826816, 0.7530967990035031
30.73995110925135, 0.7665044228118222
30.753478488258327, 0.7801496013220138
30.766823002341585, 0.7940292230561222
30.779980637231287, 0.8081401068697217
30.792947434086635, 0.8224790028971256
30.805719490672228, 0.837042593517036
30.818292962517518, 0.8518274943383044
30.830664064059164, 0.8668302552055512
30.842829069765845, 0.8820473612243148
30.854784315245233, 0.8974752338054335
30.866526198332846, 0.9131102317283715
30.87805118016235, 0.9289486522231283
30.889355786217084, 0.944986732070465
30.900436607362487, 0.9612206487200708
30.911290300859026, 0.9776465214263629
30.921913591355494, 0.9942604124015905
30.93230327186219, 1.0110583279858765
30.94245620470385, 1.0280362198338544
30.95236932245194, 1.0451899861175797
30.962039628836152, 1.0625154727452994
30.971464199634624, 1.0800084745957825
30.98064018354288, 1.0976647367677876
30.989564803021057, 1.1154799558443362
30.99823535511917, 1.1334497811714055
31.006649212280298, 1.1515698161506362
31.014803823121284, 1.169835619545718
31.022696713190882, 1.1882427068020214
31.030325485704967, 1.206786551379101
31.03768782225873, 1.225462586095688
31.044781483515543, 1.2442662044867459
31.051604309872346, 1.2631927621721948
31.058154222101354, 1.282237578236925
31.064429221967863, 1.3013959366216328
31.070427392823973, 1.3206630875241308
31.076146900178138, 1.340034248810666
31.081585992240214, 1.359504607436841
31.086743000442016, 1.379069320877743
31.09161633993306, 1.3987235185668005
31.096204510051543, 1.4184623033430066
31.10050609477018, 1.4382807529060107
31.104519763116986, 1.458173921278703
31.10824426957078, 1.4781368402768351
31.11167845443121, 1.4981645209852135
31.1148212441634, 1.5182519552400884
31.117671651716904, 1.538394117117237
31.12022877681901, 1.5585859644253248
31.122491806242223, 1.5788224402041202
31.124460014045926, 1.5990984742270773
31.126132761792075, 1.6194089845078619
31.127509498734902, 1.6397488788103918
31.128589761984546, 1.6601130561618922
31.129373176644634, 1.6804964083685763
31.129859455923626, 1.7008938215334537
31.130048401220073, 1.7213001775758314
31.129939902181604, 1.741710355752078
31.12953393673773, 1.7621192341771514
31.128830571106395, 1.7825216913464943
31.1278299597743, 1.8029126076577877
31.126532345451015, 1.8232868669321693
31.124938058996836, 1.8436393579344048
31.123047519324494, 1.863964975891611
31.120861233274685, 1.8842586240100574
31.11837979546546, 1.9045152149895872
31.115603888115547, 1.924729672535214
31.112534280841636, 1.9448969328654737
31.10917183042971, 1.96501194621703
31.105517480580453, 1.9850696783451216
31.101572261628856, 2.0050651120194183
31.097337290238052, 2.0249932485147863
31.09281376906755, 2.0448491090965915
31.08800298641583, 2.064627736500037
31.082906315837604, 2.0843241964031263
31.077525215735626, 2.1039335788928244
31.071861228927425, 2.123450999923941
31.065915982186787, 2.1428716027703567
31.059691185760464, 2.1621905594680975
31.053188632859968, 2.181403072249904
31.04641019912874, 2.200504374970784
31.039357842084836, 2.219489734524204
31.032033600539293, 2.238354452248449
31.02443959399031, 2.257093865322749
31.016578021993478, 2.2757033481527484
31.008451163508227, 2.2941783137449354
31.000061376220636, 2.3125142150695805
30.991411095842928, 2.330706546411802
30.982502835389692, 2.348750844710378
30.97333918443121, 2.366642690883848
30.963922808323986, 2.384377711143584
30.95425644741878, 2.40195157829338
30.944342916246363, 2.419360013015192
30.934185102681212, 2.436598785140686
30.923785967083433, 2.4536637149081346
30.913148541419115, 2.4705506742043792
30.90227592835945, 2.4872555877914193
30.89117130035881, 2.503774434517293
30.879837898712093, 2.5201032485108996
30.868279032591637, 2.536238120360389
30.856498078063947, 2.5521751982747665
30.84449847708652, 2.5679106892283947
30.83228373648517, 2.5834408600880137
30.81985742691198, 2.598762038721985
30.807223181784366, 2.6138706150913955
30.79438469620545, 2.628763042322713
30.78134572586612, 2.6434358377616864
30.76811008592907, 2.657885584008138
30.75468164989522, 2.672108929931402
30.741064348452703, 2.686102591666037
30.727262168308982, 2.699863353587572
30.713279151006212, 2.7133880692679746
30.699119391720398, 2.7266736624105476
30.68478703804454, 2.7397171277640036
30.67028628875625, 2.7525155320154093
30.655621392570172, 2.7650660146617727
30.64079664687549, 2.777365788859985
30.625816396459076, 2.7894121422548825
30.61068503221448, 2.8012024377851663
30.595406989837223, 2.8127341144669624
30.57998674850683, 2.824004688154763
30.564428829555897, 2.835011752279545
30.54873779512664, 2.8457529785638394
30.532918246815317, 2.856226117713526
30.51697482430496, 2.8664290000861756
30.50091220398673, 2.8763595363357073
30.48473509757042, 2.886015718033206
30.468448250684443, 2.895395618263681
30.452056441465718, 2.9044973921986053
30.43556447913994, 2.9133192776440806
30.418977202592583, 2.921859595564423
30.402299478931095, 2.930116750581063
30.385536202038715, 2.9380892314465736
30.36869229112034, 2.945775611493702
30.351772689240832, 2.9531745490592805
30.334782361856274, 2.9602847878828604
30.317726295338574, 2.967105157479988
30.300609495493806, 2.973634573489986
30.283436986074854, 2.9798720379981396
30.266213807288636, 2.9858166398322066
30.248945014298503, 2.9914675548331466
30.23163567572218, 2.9968240460999946
30.2142908721257, 3.0018854642088146
30.196915694513773, 3.0066512474056495
30.179515242817086, 3.011120921773435
30.162094624376934, 3.0152941013728003
30.144658952427644, 3.0191704883567354
30.127213344577275, 3.022749873059083
30.10976292128696, 3.0260321340568264
30.092312804349476, 3.0290172382061566
30.07486811536736, 3.031705240652314
30.0574339742311, 3.0340962848131876
30.040015497597853, 3.036190602336691
30.022617797371094, 3.0379885130319275
30.005245979181694, 3.039490424774142
29.987905140870858, 3.0406968333835254
29.970600370975387, 3.0416083224778783
29.953336747215673, 3.042225563299179
29.93611933498696, 3.0425493145141345
29.91895318585422, 3.0425804219887365
29.901843336051165, 3.0423198185369147
29.88479480498379, 3.041768523643358
29.867812593738964, 3.0409276431605785
29.85090168359839, 3.0397983689803096
29.834067034558537, 3.038381978679349
29.8173135838568, 3.0366798351399296
29.80064624450455, 3.0346933861447534
29.784069903827216, 3.032424163946791
29.767589422012154, 3.0298737848139856
29.751209630664498, 3.0270439485489953
29.734935331371513, 3.0239364379841067
29.718771294275893, 3.020553118451488
29.702722256658358, 3.01689593722892
29.686792921530074, 3.0129669229611786
29.6709879562352, 3.0087681850572494
29.65531199106407, 3.0043019130635313
29.639769617877374, 2.999570376013239
29.624365388741733, 2.9945759217521837
29.609103814577157, 2.989320976241129
29.59398936381666, 2.983808042834953
29.57902646107856, 2.978039701538794
29.56421948585174, 2.972018608241431
29.54957277119439, 2.965747493926125
29.53509060244646, 2.959229163859123
29.520777215956365, 2.9524664967561187
29.50663679782221, 2.9454624439268646
29.492673482647948, 2.9382200283982267
29.47889135231486, 2.9307423440159317
29.46529443476867, 2.923032554525256
29.451886702822705, 2.91509389263097
29.438672072977447, 2.9069296590367624
29.425654404256786, 2.898543221464486
29.412837497061375, 2.889938013653473
29.40022509203941, 2.8811175343402438
29.387820868975133, 2.872085346218898
29.375628445695458, 2.8628450748825003
29.36365137699498, 2.8534004077457826
29.351893153579717, 2.8437550929494724
29.34035720102991, 2.833912938246577
29.329046878782155, 2.8238778098709543
29.317965479131203, 2.813653631388517
29.30711622625171, 2.803244382531383
29.2965022752402, 2.7926540980153525
29.286126711177605, 2.7818868663410408
29.27599254821255, 2.77094682857903
29.266102728665775, 2.7598381771394047
29.256460122155858, 2.748565154526024
29.247067524746523, 2.7371320520759204
29.237927658115886, 2.725543208684176
29.2290431687477, 2.713803009514682
29.220416627145028, 2.7019158846971325
29.212050527066435, 2.6898863080106787
29.203947284785013, 2.67771879555459
29.196109238370422, 2.665417904406362
29.188538646994168, 2.6529882312676314
29.181237690258342, 2.6404344110983313
29.17420846754794, 2.6277611157394616
29.167452997407107, 2.6149730525249195
29.160973216939343, 2.6020749628827753
29.154770981231913, 2.5890716209264064
29.148848062804657, 2.5759678320359476
29.143206151083284, 2.562768431430417
29.13784685189741, 2.5494782827310014
29.132771687003405, 2.5361022765158947
29.12798209363221, 2.5226453288671173
29.12347942406231, 2.509112379909776
29.119264945217918, 2.495508392344157
29.115339838292513, 2.481838349971133
29.11170519839789, 2.4681072562112867
29.10836203423875, 2.45432013261821
29.105311267812972, 2.440482017386408
29.102553734137683, 2.4265979638542756
29.10009018100112, 2.4126730390025526
29.097921268740453, 2.3987123219487416
29.09604757004556, 2.38472090243791
29.094469569788874, 2.3707038793303368
29.093187664881317, 2.3566663590864625
29.092202164154337, 2.3426134542495527
29.09151328826819, 2.3285502819265886
29.09112116964632, 2.314481962267771

Pluto positions:
38.48, 0.0
38.480148472090164, -0.014491709451986539
38.480593844216045, -0.028978297210068817
38.481335983956875, -0.04345464310218139
38.48237467065511, -0.057915629999484325
38.483709595481976, -0.07235614533684553
38.48534036152927, -0.08677108263196714
38.48726648392722, -0.10115534300270451
38.48948738998864, -0.11550383668212674
38.492002419379034, -0.12981148453086905
38.494810824312864, -0.14407321954632696
38.49791176977566, -0.1582839883682447
38.50130433377224, -0.17243875278024942
38.50498750760054, -0.18653249120688623
38.508960196151456, -0.20056020020570797
38.51322121823417, -0.21451689595397785
38.51776930692712, -0.2283976157295414
38.5226031099545, -0.24219741938542966
38.52772119008801, -0.2559113908177539
38.533122025573945, -0.2695346394264563
38.538804010585324, -0.28306230156848294
38.5447654556991, -0.2964895420029465
38.55100458839807, -0.30981155532785004
38.55751955359762, -0.3230235674079442
38.564308414196894, -0.3361208367932942
38.57136915165437, -0.34909865612813523
38.57869966658769, -0.36195235354959626
38.586297779397405, -0.37467729407587874
38.59416123091463, -0.3872688809834761
38.60228768307232, -0.3997225571730256
38.610674719600034, -0.41203380652338606
38.6193198467418, -0.4241981552335396
38.62822049399718, -0.4362111731519195
38.63737401488505, -0.44806847509276704
38.646777687729895, -0.4597657221391281
38.65642871647059, -0.4712986229321011
38.666324231491195, -0.4826629349459549
38.67646129047355, -0.49385446574873537
38.68683687927162, -0.5048690742479881
38.6974479128071, -0.5157026719212261
38.70829123598603, -0.5263512240307774
38.71936362463639, -0.5368107508226507
38.73066178646598, -0.5470773287090641
38.7421823620408, -0.5571470914342845
38.75392192578321, -0.5670162312234316
38.765876986989745, -0.5766809999139053
38.77804399086842, -0.5861377100691006
38.790419319594875, -0.5953827360740778
38.80299929338745, -0.604412515212864
38.815780171600515, -0.6132235487270652
38.828758153836, -0.6218124028554735
38.84192938107256, -0.6301757098543623
38.855289936812284, -0.638310168998165
38.8688358482444, -0.6462125475602398
38.88256308742575, -0.6538796817734317
38.8964675724776, -0.6613084777701401
38.91054516879855, -0.6684959125016214
38.92479169029304, -0.6754390346362461
38.93920290061521, -0.6821349654364464
38.95377451442763, -0.6885808996140946
38.96850219867467, -0.6947741061640569
38.983381573869984, -0.7007119291756734
38.99840821539778, -0.7063917886219275
39.013577654827586, -0.7118111811260662
39.02888538124192, -0.7169676807054446
39.04432684257667, -0.7218589394923745
39.05989744697368, -0.7264826884317623
39.07559256414514, -0.7308367379553293
39.09140752674941, -0.7349189786322118
39.10733763177783, -0.7387273817957524
39.123378141952195, -0.7422600001462912
39.139524287132325, -0.7455149683297809
39.15577126573346, -0.748490503492053
39.17211424615298, -0.7511849058085698
39.18854836820601, -0.7535965589895066
39.205068744569616, -0.7557239307600111
39.221670462234954, -0.7575655733155011
39.23834858396709, -0.7591201237518604
39.25509814977206, -0.7603863044704113
39.27191417837064, -0.7613629235575361
39.28879166867847, -0.7620488751388412
39.305725601291996, -0.7624431397077558
39.32271093998001, -0.7625447844284654
39.339742633180016, -0.7623529634130952
39.35681561549925, -0.7618669179730571
39.37392480921977, -0.7610859768444854
39.391065125807245, -0.7600095563876981
39.40823146742296, -0.7586371607606199
39.42541872843847, -0.7569683820661188
39.442621796952785, -0.7550029004732098
39.45983555631121, -0.7527404843120927
39.47705488662568, -0.7501809901429923
39.494274666296135, -0.7473243627987847
39.51148977353225, -0.7441706354013915
39.52869508787531, -0.7407199293519442
39.545885491719716, -0.7369724542947134
39.56305587183359, -0.7329285080548222
39.58020112087806, -0.7285884765497539
39.59731613892487, -0.7239528336746879
39.61439583497175, -0.7190221411616916
39.6314351284551, -0.7137970484128151
39.648428950759616, -0.708278292307134
39.66537224672437, -0.7024666969818015
39.682259976144856, -0.696363173587172
39.69908711527063, -0.68996872001607
39.715848658298, -0.6832844206072857
39.73253961885751, -0.6763114458233833
39.74915503149545, -0.66905105190292
39.765689953149376, -0.6615045804871769
39.782139464616805, -0.6536734582215149
39.7984986720169, -0.645559196331471
39.814762708244594, -0.6371633901737259
39.83092673441682, -0.6284877187620703
39.84698594131028, -0.619533944268515
39.86293555079043, -0.6103039114996928
39.878770817231256, -0.6007995473487036
39.89448702892534, -0.5910228602225732
39.91007950948392, -0.5809759394454878
39.925543619226325, -0.5706609546379866
39.94087475655868, -0.5600801550722947
39.956068359341145, -0.5492358690039916
39.97111990624349, -0.5381305029802063
39.98602491808856, -0.5267665411245522
40.00077895918319, -0.5151465443990129
40.015377638636195, -0.5032731498429905
40.02981661166308, -0.49114906978975753
40.044091580876994, -0.4787770910605272
40.05819829756567, -0.4661600741363979
40.072132562953826, -0.453300952308406
40.08589022945081, -0.44020273080594713
40.09946720188297, -0.4268684859038225
40.11285943871051, -0.41330136400816964
40.126062953228285, -0.3995045807215633
40.139073814750496, -0.38548141988754697
40.15188814977858, -0.37123523261489655
40.16450214315215, -0.3567694362818867
40.17691203918266, -0.34208751352087685
40.189114142769306, -0.327193011183499
40.20110482049701, -0.3120895392867706
40.21288050171599, -0.2967807699404353
40.22443767960277, -0.28127043625585174
40.235772912202144, -0.26556233123676287
40.246882823449944, -0.24966030665226197
40.25776410417613, -0.23356827189230417
40.2684135130881, -0.2172901928060912
40.2788278777338, -0.20083009052368378
40.289004095444334, -0.1841920402611848
40.29893913425591, -0.1673801701098565
40.308630033810715, -0.150398659809522
40.31807390623658, -0.13325173950662156
40.32726793700501, -0.11594368849729342
40.336209385767525, -0.09847883395584589
40.34489558716992, -0.0808615496490096
40.35332395164419, -0.06309625463633906
40.36149196617802, -0.045187411957161194
40.369397195061474, -0.027139527304450906
40.37703728061073, -0.008957147686039058
40.38440994386864, 0.009355139926461475
40.39151298528188, 0.02779270996060118
40.398344285354504, 0.04635089961750921
40.40490180527775, 0.06502501025737295
40.411183587535824, 0.08381030879556123
40.41718775648752, 0.1027020291089884
40.42291251892361, 0.12169537345229098
40.42835616459957, 0.14078551388340477
40.43351706674386, 0.15996759369810892
40.438393682541225, 0.1792367288731202
40.44298455359112, 0.19858800951730438
40.44728830634109, 0.21801650133057165
40.451303652494886, 0.23751724707002905
40.455029389395236, 0.2570852680229436
40.45846440038124, 0.2767155654860912
40.46160765512013, 0.29640312225104104
40.46445820991347, 0.3161429040949428
40.46701520797746, 0.3359298612763636
40.46927787969766, 0.3557589300357413
40.47124554285754, 0.37562503410000103
40.472917602841285, 0.39552308619088894
40.4742935528104, 0.41544798953657935
40.47537297385436, 0.4353946393860976
40.47615553511508, 0.4553579245261184
40.476640993885205, 0.47533272879968175
40.47682919568021, 0.49531393262638074
40.476720074284366, 0.5152964145235609
40.47631365177035, 0.5352750526280926
40.475610038492725, 0.5552447262182477
40.474609433055136, 0.5752003172352453
40.4733121222513, 0.5951367118040004
40.47171848097979, 0.615048801752635
40.46982897213264, 0.6349314861302865
40.467644146457786, 0.6547796727227765
40.465164642395465, 0.6745882795656837
40.462391185888464, 0.694352236454372
40.45932459016643, 0.7140664864505163
40.455965755504266, 0.7337259873846965
40.452315668954576, 0.7533257133545966
40.44837540405438, 0.7728606562183747
40.444146120506204, 0.7923258270827548
40.4396290638334, 0.8117162577853931
40.43482556501009, 0.831027002371094
40.42973704006569, 0.8502531385614183
40.42436498966419, 0.8693897692172683
40.4187109986582, 0.8884320237939878
40.41277673561803, 0.9073750597885724
40.40656395233601, 0.9262140641785397
40.40007448330577, 0.9449442548520461
40.39331024517738, 0.9635608820288175
40.38627323618766, 0.9820592296714657
40.378965535566536, 1.0004346168867901
40.37138930291917, 1.0186823993166265
40.36354677758435, 1.036797970517852
40.35544027796897, 1.0547767633311091
40.34707220085927, 1.0726142512378694
40.33844502070865, 1.090305949705416
40.32956128890234, 1.1078474175193498
40.320423632999386, 1.125234258103232
40.31103475595188, 1.1424621208249492
40.30139743530179, 1.1595267022894404
40.29151452235568, 1.1764237476173802
40.281388941337525, 1.1931490517094505
40.27102368851971, 1.2096984604958174
40.2604218313329, 1.2260678721704472
40.249586507454396, 1.2422532384098948
40.23852092387602, 1.2582505655761957
40.22722835595105, 1.2740559159035154
40.215712146421104, 1.2896654086681907
40.20397570442283, 1.3050752213418257
40.192022504474956, 1.3202815907270966
40.17985608544588, 1.3352808140759245
40.16748004950217, 1.3500692501896872
40.1548980610382, 1.3646433205011435
40.14211384558738, 1.3789995101377486
40.12913118871511, 1.3931343689660394
40.11595393489398, 1.407044512616789
40.102585986361454, 1.4207266234906144
40.08903130196039, 1.4341774517437513
40.07529389596267, 1.4473938162536895
40.06137783687651, 1.4603726055643944
40.04728724623746, 1.4731107788108249
40.03302629738382, 1.4856053666224747
40.01859921421661, 1.4978534720056769
40.00401026994443, 1.5098522712043958
39.9892637858138, 1.521599014539261
39.97436412982512, 1.533091027224589
39.95931571543485, 1.5443257101631507
39.94412300024404, 1.5553005407184521
39.92879048467388, 1.5660130734642954
39.913322710628435, 1.576460940911394
39.8977242601451, 1.586641854210833
39.88199975403309, 1.5965536038341646
39.866153850500496, 1.6061940602299307
39.85019124377009, 1.615561174456426
39.83411666268458, 1.6246529787905026
39.81793486930144, 1.633467587312248
39.801650657477985, 1.6420031964653536
39.78526885144693, 1.6502580855930122
39.76879430438292, 1.6582306174491783
39.75223189696054, 1.6659192386850505
39.73558653590403, 1.6733224803106186
39.71886315252935, 1.6804389581311518
39.70206670127894, 1.6872673731584862
39.68520215824954, 1.6938065119969938
39.66827451971362, 1.7000552472041246
39.65128880063489, 1.7060125376254014
39.63425003317803, 1.711677428703783
39.617163265213605, 1.7170490527632905
39.60003355881809, 1.7221266292668205
39.58286598876975, 1.7269094650480663
39.56566564104076, 1.7313969545174785
39.548437611286005, 1.7355885798422033
39.53118700332894, 1.7394839110999427
39.51391892764509, 1.7430826064066978
39.49663849984355, 1.7463844120183494
39.479350839146946, 1.7493891624060511
39.46206106687035, 1.7520967803054093
39.44477430489953, 1.754507276739437
39.42749567416911, 1.756620751015275
39.41023029314089, 1.7584373906946797
39.39298327628303, 1.7599574715382897
39.37575973255034, 1.761181357423681
39.35856476386624, 1.7621095002372442
39.341403463606774, 1.7627424397399094
39.324280915087215, 1.7630808034067589
39.30720219005162, 1.7631253062405792
39.29017234716585, 1.7628767505594047
39.27319643051446, 1.762336025758118
39.2562794681019, 1.7615041080441733
39.23942647035859, 1.7603820601475277
39.22264242865202, 1.7589710310048647
39.205932313803785, 1.7572722554181985
39.189301074612445, 1.7552870536879688
39.17275363638319, 1.7530168312207275
39.15629489946425, 1.7504630781115413
39.13992973779089, 1.747627368701227
39.12366299743719, 1.744511361108555
39.10749949517609, 1.741116796737562
39.091444017048154, 1.7374454997601139
39.07550131693949, 1.7334993765738758
39.05967611516919, 1.7292804152358507
39.04397309708676, 1.7247906848716554
39.02839691167995, 1.7200323350607047
39.01295217019335, 1.715007595197494
38.997643444758246, 1.7097187738291626
38.982475267034076, 1.70416825796954
38.96745212686195, 1.6983585123898766
38.95257847093047, 1.6922920788864695
38.93785870145455, 1.6859715755254019
38.923297174867336, 1.6793996958646196
38.90889820052577, 1.6725792081535773
38.894666039430064, 1.6655129545106884
38.880604902957714, 1.658203850078832
38.86671895161205, 1.650654882159154
38.85301229378608, 1.6428691093234327
38.839488984541696, 1.634849660505267
38.826153024404796, 1.6265997340703535
38.81300835817658, 1.6181225968661397
38.80005887376141, 1.6094215832511218
38.78730840101158, 1.600500094104089
38.77476071058934, 1.5913615958135954
38.76241951284648, 1.5820096192479745
38.75028845672187, 1.5724477587061871
38.73837112865723, 1.5626796708498274
38.72667105153147, 1.5527090736165956
38.71519168361394, 1.5425397451155645
38.703936417536795, 1.532175522504566
38.692908579287014, 1.5216203008500342
38.682111427218054, 1.510878031969641
38.67154815108173, 1.4999527232580658
38.66122187108039, 1.4888484364962573
38.651135636939856, 1.4775692866445307
38.64129242700314, 1.4661194406198634
38.63169514734557, 1.4545031160577566
38.62234663091125, 1.4427245800590214
38.61324963667131, 1.430788147921871
38.60440684880411, 1.4186981818596893
38.59582087589766, 1.4064590897048626
38.58749425017454, 1.3940753235990493
38.57942942673947, 1.3815513786702949
38.57162878284987, 1.3688917916973624
38.564094617209385, 1.356101139761696
38.55682914928496, 1.343184038887403
38.54983451864731, 1.3301451426696684
38.5431127843352, 1.3169891408920058
38.5366659242436, 1.3037207581327515
38.53049583453602, 1.2903447523612261
38.52460432908108, 1.2768659135239666
38.51899313891353, 1.263289062121466
38.51366391171992, 1.2496190477758264
38.50861821134902, 1.2358607477897634
38.50385751734711, 1.2220190656973848
38.4993832245184, 1.2080989298071743
38.49519664251054, 1.1941052917376132
38.491298995425545, 1.1800431249458785
38.48769142145597, 1.1659174232500513
38.48437497254682, 1.1517331993452697
38.48135061408289, 1.137495483314283
38.478619224602, 1.1232093211328305
38.47618159553386, 1.1088797731703017
38.474038430964995, 1.0945119126861205
38.472190347429475, 1.0801108243222952
38.47063787372576, 1.0656816025925924
38.469381450759535, 1.051229350368771
38.46842143141275, 1.0367591773643396
38.46775808043873, 1.0222761986162734
38.46739157438351, 1.0077855329651568
38.46732200153342, 0.9932923015341916
38.46754936188878, 0.9788016262075274
38.46807356716396, 0.9643186281083628
38.468894440813585, 0.9498484260772851
38.47001171808501, 0.9353961351512705
38.47142504609695, 0.9209668650438247
38.473133983944386, 0.9065657186267104
38.47513800282956, 0.8921977904136906
38.477436486219034, 0.877868165046778
38.48002873002699, 0.8635819157853944
38.48291394282437, 0.8493441029989284
38.48609124607404, 0.8351597726631229
38.48955967439186, 0.8210339548607245
38.49331817583353, 0.806971662286875
38.497365612207126, 0.7929778887596555
38.50170075941135, 0.779057607736241
38.50632230779919, 0.7652157708351173
38.51122886256712, 0.7514573063647672
38.51641894416953, 0.737787117859297
38.52189098875833, 0.7242100826214266
38.52764334864765, 0.7107310502732564
38.5336742928034, 0.6973548413152824
38.539982007357615, 0.6840862456940418
38.5465645961475, 0.670930021378855
38.55342008127872, 0.6578908929480622
38.56054640371321, 0.6449735501851748
38.56794142388091, 0.6321826466853819
38.57560292231556, 0.6195227984727909
38.58352860031417, 0.6069985826288459
38.59171608062002, 0.5946145359323136
38.60016290812904, 0.5823751535112376
38.60886655061934, 0.5702848875072819
38.617824399503554, 0.558348145752831
38.62703377060402, 0.5465692904612711
38.636491904950276, 0.5349526369308183
38.646195969598885, 0.5235024522622845
38.656143058475216, 0.5122229540911708
38.66633019323688, 0.5011183093344591
38.676754324158786, 0.49019263295246385
38.68741233103921, 0.4794499867261369
38.69830102412704, 0.46889437805015965
38.70941714506948, 0.4585297587422046
38.72075736788023, 0.44836002386870955
38.7323182999278, 0.4383890105875067
38.74409648294351, 0.4286204970076729
38.75608839404914, 0.41905820106690883
38.76829044680363, 0.40970577942680975
38.78069899226878, 0.4005668263863411
38.79331032009349, 0.3916448728138361
38.806120659616155, 0.38294338509785397
38.81912618098517, 0.3744657641171839
38.83232299629685, 0.366215344230325
38.84570716075066, 0.35819539228472774
38.85927467382138, 0.35040910664609093
38.87302148044779, 0.342859616248015
38.886943472237554, 0.3355499796622824
38.901036488688, 0.3284831841900401
38.91529631842234, 0.32166214497417045
38.929718700441, 0.31508970413308945
38.94429932538772, 0.308768629916255
38.959033836830045, 0.30270161588161504
38.973917832553724, 0.29689128009525545
38.98894686587081, 0.2913401643534774
39.00411644694088, 0.28605073342753284
39.01942204410517, 0.2810253743312544
39.03485908523307, 0.27626639561178534
39.050422959080656, 0.27177602666362255
39.06610901666084, 0.26755641706618527
39.08191257262481, 0.2636096359450929
39.09782890665414, 0.2599376713573516
39.1138532648634, 0.2565424297006301
39.12998086121268, 0.25342573514679734
39.14620687892972, 0.2505893290998926
39.162526471941135, 0.24803486967869082
39.17893476631231, 0.2457639312240113
39.19542686169568, 0.24377800383092463
39.21199783278676, 0.24207849290598626
39.22864273078763, 0.24066671874963952
39.245356584877385, 0.23954391616390225
39.262134403689195, 0.2387112340854608
39.27897117679333, 0.23816973524427665
39.295861876186, 0.23792039584780844
39.31280145778333, 0.23796410529094125
39.32978486292014, 0.23830166589171387
39.34680701985303, 0.23893379265291637
39.363862845267406, 0.23986111304963598
39.38094724578789, 0.24108416684280554
39.39805511949173, 0.24260340591882035
